-6.2582205E-4,4.723072E-4,0.0033664703,10521335705500,OTHER,
-6.258403E-4,4.723668E-4,0.0033664703,10521385705500,OTHER,
-6.258403E-4,4.723072E-4,0.0033664703,10521435705500,OTHER,
-6.2585855E-4,4.723668E-4,0.0033664703,10521485705500,OTHER,
-6.258403E-4,4.723072E-4,0.0033664703,10521535705500,OTHER,
-6.2585855E-4,4.723668E-4,0.0033664703,10521585705500,OTHER,
-6.2585855E-4,4.723072E-4,0.0033664703,10521635705500,OTHER,
-6.258768E-4,4.723668E-4,0.0033664703,10521685705500,OTHER,
-6.2585855E-4,4.723072E-4,0.0033664703,10521735705500,OTHER,
-6.258768E-4,4.723668E-4,0.0033664703,10521785705500,OTHER,
-6.258768E-4,4.722774E-4,0.0033664703,10521835705500,OTHER,
-6.258768E-4,4.723072E-4,0.0033664703,10521885705500,OTHER,
-6.258768E-4,4.723072E-4,0.0033664703,10521935705500,OTHER,
-6.2585855E-4,4.723072E-4,0.0033664703,10521985705500,OTHER,
-6.258768E-4,4.723072E-4,0.003367424,10522035705500,OTHER,
-6.2585855E-4,4.723072E-4,0.003367424,10522085705500,OTHER,
-6.258768E-4,4.723072E-4,0.003367424,10522135705500,OTHER,
-6.258768E-4,4.723072E-4,0.003367424,10522185705500,OTHER,
-6.258768E-4,4.722774E-4,0.003367424,10522235705500,OTHER,
-6.258768E-4,4.723072E-4,0.003367424,10522285705500,OTHER,
-6.258768E-4,4.722774E-4,0.003367424,10522335705500,OTHER,
-6.258768E-4,4.723072E-4,0.003367424,10522385705500,OTHER,
-6.258768E-4,4.722774E-4,0.003367424,10522435705500,OTHER,
-6.258768E-4,4.722476E-4,0.003367424,10522485705500,OTHER,
-6.258768E-4,4.722476E-4,0.003367424,10522535705500,OTHER,
-6.258768E-4,4.723072E-4,0.003367424,10522585705500,OTHER,
-6.258768E-4,4.722476E-4,0.003367424,10522635705500,OTHER,
-6.258768E-4,4.723072E-4,0.003367424,10522685705500,OTHER,
-6.258768E-4,4.722476E-4,0.003367424,10522735705500,OTHER,
-6.258768E-4,4.723072E-4,0.003367424,10522785705500,OTHER,
-6.258768E-4,4.722476E-4,0.003367424,10522835705500,OTHER,
-6.258768E-4,4.723072E-4,0.003367424,10522885705500,OTHER,
-6.258768E-4,4.722476E-4,0.003367424,10522935705500,OTHER,
-6.258768E-4,4.723072E-4,0.003367424,10522985705500,OTHER,
-6.258768E-4,4.722774E-4,0.003367424,10523035705500,OTHER,
-6.258768E-4,4.723072E-4,0.003367424,10523085705500,OTHER,
-6.258951E-4,4.722476E-4,0.003367424,10523135705500,OTHER,
-6.258951E-4,4.722178E-4,0.003367424,10523185705500,OTHER,
-6.258768E-4,4.722476E-4,0.003367424,10523235705500,OTHER,
-6.258768E-4,4.723072E-4,0.003367424,10523285705500,OTHER,
-6.258768E-4,4.722476E-4,0.003367424,10523335705500,OTHER,
-6.258768E-4,4.722774E-4,0.0033664703,10523385705500,OTHER,
-6.258768E-4,4.722476E-4,0.0033664703,10523435705500,OTHER,
-6.258768E-4,4.722774E-4,0.0033664703,10523485705500,OTHER,
-6.258768E-4,4.722476E-4,0.0033664703,10523535705500,OTHER,
-6.258768E-4,4.722774E-4,0.0033664703,10523585705500,OTHER,
-6.258768E-4,4.722476E-4,0.0033664703,10523635705500,OTHER,
-6.258768E-4,4.722774E-4,0.0033664703,10523685705500,OTHER,
-6.258768E-4,4.722476E-4,0.0033664703,10523735705500,OTHER,
-6.258768E-4,4.721582E-4,0.0033664703,10523785705500,OTHER,
-6.258768E-4,4.722476E-4,0.0033664703,10523835705500,OTHER,
-6.258768E-4,4.721582E-4,0.0033664703,10523885705500,OTHER,
-6.258768E-4,4.722476E-4,0.0033664703,10523935705500,OTHER,
-6.258768E-4,4.721582E-4,0.0033664703,10523985705500,OTHER,
-6.258768E-4,4.722476E-4,0.0033664703,10524035705500,OTHER,
-6.258951E-4,4.722774E-4,0.0033664703,10524085705500,OTHER,
-6.258951E-4,4.722476E-4,0.0033664703,10524135705500,OTHER,
-6.258951E-4,4.722774E-4,0.0033664703,10524185705500,OTHER,
-6.258951E-4,4.722476E-4,0.0033664703,10524235705500,OTHER,
-6.258951E-4,4.722774E-4,0.0033664703,10524285705500,OTHER,
-6.258951E-4,4.722476E-4,0.0033664703,10524335705500,OTHER,
-6.258768E-4,4.721582E-4,0.0033664703,10524385705500,OTHER,
-6.258951E-4,4.722476E-4,0.0033664703,10524435705500,OTHER,
-6.258951E-4,4.721582E-4,0.0033664703,10524485705500,OTHER,
-6.258951E-4,4.722476E-4,0.003367424,10524535705500,OTHER,
-6.258951E-4,4.721582E-4,0.003367424,10524585705500,OTHER,
-6.258951E-4,4.722476E-4,0.003367424,10524635705500,OTHER,
-6.259134E-4,4.721582E-4,0.003367424,10524685705500,OTHER,
-6.259134E-4,4.722178E-4,0.003367424,10524735705500,OTHER,
-6.259134E-4,4.721582E-4,0.003367424,10524785705500,OTHER,
-6.259134E-4,4.721582E-4,0.003367424,10524835705500,OTHER,
-6.259134E-4,4.722476E-4,0.003367424,10524885705500,OTHER,
-6.259134E-4,4.721582E-4,0.003367424,10524935705500,OTHER,
-6.259134E-4,4.722476E-4,0.003367424,10524985705500,OTHER,
-6.259134E-4,4.721582E-4,0.003367424,10525035705500,OTHER,
-6.259134E-4,4.721582E-4,0.003367424,10525085705500,OTHER,
-6.259134E-4,4.721582E-4,0.003367424,10525135705500,OTHER,
-6.259134E-4,4.721582E-4,0.003367424,10525185705500,OTHER,
-6.259134E-4,4.722178E-4,0.003367424,10525235705500,OTHER,
-6.259134E-4,4.721582E-4,0.003367424,10525285705500,OTHER,
-6.259134E-4,4.722178E-4,0.003367424,10525335705500,OTHER,
-6.259134E-4,4.721582E-4,0.003367424,10525385705500,OTHER,
-6.259134E-4,4.721582E-4,0.003367424,10525435705500,OTHER,
-6.259134E-4,4.721582E-4,0.003367424,10525485705500,OTHER,
-6.259134E-4,4.721582E-4,0.003367424,10525535705500,OTHER,
-6.259134E-4,4.721582E-4,0.003367424,10525585705500,OTHER,
-6.259134E-4,4.721582E-4,0.003367424,10525635705500,OTHER,
-6.259134E-4,4.721582E-4,0.003367424,10525685705500,OTHER,
-6.259134E-4,4.721582E-4,0.003367424,10525735705500,OTHER,
-6.259134E-4,4.721582E-4,0.003367424,10525785705500,OTHER,
-6.259134E-4,4.721582E-4,0.0033664703,10525835705500,OTHER,
-6.259134E-4,4.721582E-4,0.0033664703,10525885705500,OTHER,
-6.259134E-4,4.721582E-4,0.0033664703,10525935705500,OTHER,
-6.259134E-4,4.721284E-4,0.0033664703,10525985705500,OTHER,
-6.259134E-4,4.721582E-4,0.0033664703,10526035705500,OTHER,
-6.259134E-4,4.721284E-4,0.0033664703,10526085705500,OTHER,
-6.259134E-4,4.721582E-4,0.0033664703,10526135705500,OTHER,
-6.259134E-4,4.721284E-4,0.0033664703,10526185705500,OTHER,
-6.259134E-4,4.721582E-4,0.0033664703,10526235705500,OTHER,
-6.259134E-4,4.721284E-4,0.0033664703,10526285705500,OTHER,
-6.259134E-4,4.721582E-4,0.0033664703,10526335705500,OTHER,
-6.259134E-4,4.721284E-4,0.0033664703,10526385705500,OTHER,
-6.259134E-4,4.721582E-4,0.0033664703,10526435705500,OTHER,
-6.259134E-4,4.721582E-4,0.0033664703,10526485705500,OTHER,
-6.259134E-4,4.721582E-4,0.0033664703,10526535705500,OTHER,
-6.259134E-4,4.721284E-4,0.0033664703,10526585705500,OTHER,
-6.259134E-4,4.721582E-4,0.0033664703,10526635705500,OTHER,
-6.259134E-4,4.721284E-4,0.0033664703,10526685705500,OTHER,
-6.259134E-4,4.721582E-4,0.0033664703,10526735705500,OTHER,
-6.259134E-4,4.721284E-4,0.0033664703,10526785705500,OTHER,
-6.259316E-4,4.721582E-4,0.0033664703,10526835705500,OTHER,
-6.259134E-4,4.721284E-4,0.0033664703,10526885705500,OTHER,
-6.259316E-4,4.721582E-4,0.0033664703,10526935705500,OTHER,
-6.259134E-4,4.721284E-4,0.003367424,10526985705500,OTHER,
-6.259316E-4,4.721582E-4,0.003367424,10527035705500,OTHER,
-6.259134E-4,4.721284E-4,0.003367424,10527085705500,OTHER,
-6.259316E-4,4.721582E-4,0.003367424,10527135705500,OTHER,
-6.259134E-4,4.720986E-4,0.003367424,10527185705500,OTHER,
-6.259316E-4,4.721582E-4,0.003367424,10527235705500,OTHER,
-6.259316E-4,4.720986E-4,0.003367424,10527285705500,OTHER,
-6.259134E-4,4.721582E-4,0.003367424,10527335705500,OTHER,
-6.259316E-4,4.720986E-4,0.003367424,10527385705500,OTHER,
-6.259134E-4,4.721582E-4,0.003367424,10527435705500,OTHER,
-6.259316E-4,4.721284E-4,0.003367424,10527485705500,OTHER,
-6.259134E-4,4.721582E-4,0.003367424,10527535705500,OTHER,
-6.259316E-4,4.721284E-4,0.003367424,10527585705500,OTHER,
-6.259134E-4,4.720986E-4,0.003367424,10527635705500,OTHER,
-6.259316E-4,4.721284E-4,0.003367424,10527685705500,OTHER,
-6.259316E-4,4.720986E-4,0.003367424,10527735705500,OTHER,
-6.259134E-4,4.720986E-4,0.003367424,10527785705500,OTHER,
-6.259316E-4,4.721582E-4,0.003367424,10527835705500,OTHER,
-6.259316E-4,4.720986E-4,0.003367424,10527885705500,OTHER,
-6.259316E-4,4.721582E-4,0.003367424,10527935705500,OTHER,
-6.259316E-4,4.720986E-4,0.003367424,10527985705500,OTHER,
-6.259316E-4,4.721582E-4,0.003367424,10528035705500,OTHER,
-6.259316E-4,4.720986E-4,0.003367424,10528085705500,OTHER,
-6.259316E-4,4.721284E-4,0.003367424,10528135705500,OTHER,
-6.259316E-4,4.720986E-4,0.003367424,10528185705500,OTHER,
-6.259316E-4,4.720688E-4,0.003367424,10528235705500,OTHER,
-6.259316E-4,4.720986E-4,0.0033664703,10528285705500,OTHER,
-6.259316E-4,4.720688E-4,0.0033664703,10528335705500,OTHER,
-6.259316E-4,4.720986E-4,0.0033664703,10528385705500,OTHER,
-6.259316E-4,4.720688E-4,0.0033664703,10528435705500,OTHER,
-6.259316E-4,4.720986E-4,0.0033664703,10528485705500,OTHER,
-6.259499E-4,4.7203898E-4,0.0033664703,10528535705500,OTHER,
-6.259499E-4,4.720986E-4,0.0033664703,10528585705500,OTHER,
-6.259499E-4,4.7203898E-4,0.0033664703,10528635705500,OTHER,
-6.259499E-4,4.720986E-4,0.0033664703,10528685705500,OTHER,
-6.259316E-4,4.721284E-4,0.0033664703,10528735705500,OTHER,
-6.259499E-4,4.720986E-4,0.0033664703,10528785705500,OTHER,
-6.259499E-4,4.7203898E-4,0.0033664703,10528835705500,OTHER,
-6.259499E-4,4.720986E-4,0.0033664703,10528885705500,OTHER,
-6.259499E-4,4.7203898E-4,0.0033664703,10528935705500,OTHER,
-6.259499E-4,4.720986E-4,0.0033664703,10528985705500,OTHER,
-6.259499E-4,4.7203898E-4,0.0033664703,10529035705500,OTHER,
-6.259499E-4,4.720986E-4,0.0033664703,10529085705500,OTHER,
-6.259499E-4,4.7203898E-4,0.0033664703,10529135705500,OTHER,
-6.259499E-4,4.720986E-4,0.0033664703,10529185705500,OTHER,
-6.259499E-4,4.7203898E-4,0.0033664703,10529235705500,OTHER,
-6.259316E-4,4.720986E-4,0.0033664703,10529285705500,OTHER,
-6.259499E-4,4.7203898E-4,0.0033664703,10529335705500,OTHER,
-6.259316E-4,4.720986E-4,0.0033664703,10529385705500,OTHER,
-6.259499E-4,4.7203898E-4,0.003367424,10529435705500,OTHER,
-6.259316E-4,4.720688E-4,0.003367424,10529485705500,OTHER,
-6.259499E-4,4.7203898E-4,0.003367424,10529535705500,OTHER,
-6.259316E-4,4.720986E-4,0.003367424,10529585705500,OTHER,
-6.259499E-4,4.7203898E-4,0.003367424,10529635705500,OTHER,
-6.259316E-4,4.720986E-4,0.003367424,10529685705500,OTHER,
-6.259316E-4,4.7203898E-4,0.003367424,10529735705500,OTHER,
-6.259316E-4,4.720986E-4,0.003367424,10529785705500,OTHER,
-6.259316E-4,4.7203898E-4,0.003367424,10529835705500,OTHER,
-6.259316E-4,4.720986E-4,0.003367424,10529885705500,OTHER,
-6.259316E-4,4.7203898E-4,0.003367424,10529935705500,OTHER,
-6.259316E-4,4.720986E-4,0.003367424,10529985705500,OTHER,
-6.259316E-4,4.7203898E-4,0.003367424,10530035705500,OTHER,
-6.259316E-4,4.720688E-4,0.003367424,10530085705500,OTHER,
-6.259316E-4,4.7203898E-4,0.003367424,10530135705500,OTHER,
-6.259316E-4,4.720688E-4,0.003367424,10530185705500,OTHER,
-6.259316E-4,4.7203898E-4,0.003367424,10530235705500,OTHER,
-6.259316E-4,4.720688E-4,0.003367424,10530285705500,OTHER,
-6.259316E-4,4.7203898E-4,0.003367424,10530335705500,OTHER,
-6.259499E-4,4.7203898E-4,0.003367424,10530385705500,OTHER,
-6.259499E-4,4.7203898E-4,0.003367424,10530435705500,OTHER,
-6.259499E-4,4.720688E-4,0.003367424,10530485705500,OTHER,
-6.259499E-4,4.7203898E-4,0.003367424,10530535705500,OTHER,
-6.259499E-4,4.720688E-4,0.003367424,10530585705500,OTHER,
-6.259499E-4,4.7203898E-4,0.003367424,10530635705500,OTHER,
-6.2596815E-4,4.720688E-4,0.003367424,10530685705500,OTHER,
-6.259499E-4,4.7203898E-4,0.0033664703,10530735705500,OTHER,
-6.259499E-4,4.7194958E-4,0.0033664703,10530785705500,OTHER,
-6.259499E-4,4.7203898E-4,0.0033664703,10530835705500,OTHER,
-6.259499E-4,4.7194958E-4,0.0033664703,10530885705500,OTHER,
-6.259499E-4,4.7203898E-4,0.0033664703,10530935705500,OTHER,
-6.2596815E-4,4.7203898E-4,0.0033664703,10530985705500,OTHER,
-6.259499E-4,4.7203898E-4,0.0033664703,10531035705500,OTHER,
-6.2596815E-4,4.7203898E-4,0.0033664703,10531085705500,OTHER,
-6.259499E-4,4.7203898E-4,0.0033664703,10531135705500,OTHER,
-6.2596815E-4,4.7203898E-4,0.0033664703,10531185705500,OTHER,
-6.2596815E-4,4.7203898E-4,0.0033664703,10531235705500,OTHER,
-6.259499E-4,4.7194958E-4,0.0033664703,10531285705500,OTHER,
-6.2596815E-4,4.7203898E-4,0.0033664703,10531335705500,OTHER,
-6.259499E-4,4.7194958E-4,0.0033664703,10531385705500,OTHER,
-6.2596815E-4,4.7203898E-4,0.0033664703,10531435705500,OTHER,
-6.259499E-4,4.7194958E-4,0.0033664703,10531485705500,OTHER,
-6.2596815E-4,4.7197938E-4,0.0033664703,10531535705500,OTHER,
-6.259499E-4,4.7194958E-4,0.0033664703,10531585705500,OTHER,
-6.2596815E-4,4.7203898E-4,0.0033664703,10531635705500,OTHER,
-6.259499E-4,4.7194958E-4,0.0033664703,10531685705500,OTHER,
-6.2596815E-4,4.7203898E-4,0.0033664703,10531735705500,OTHER,
-6.2596815E-4,4.7194958E-4,0.0033664703,10531785705500,OTHER,
0.4510004,0.31129512,0.0026435852,10531835705500,OTHER,
0.54833543,0.24705291,0.0018053055,10531885705500,OTHER,
0.61221194,0.15581152,9.1457367E-4,10531935705500,OTHER,
0.63688797,0.05234693,4.196167E-5,10531985705500,OTHER,
0.62244844,-0.04820323,-7.46727E-4,10532035705500,OTHER,
0.5742868,-0.13242583,-0.0013990402,10532085705500,OTHER,
0.5019127,-0.19030121,-0.0018787384,10532135705500,OTHER,
0.41730025,-0.21626818,-0.002175331,10532185705500,OTHER,
0.33304203,-0.20959467,-0.0022993088,10532235705500,OTHER,
0.2605766,-0.17405975,-0.0022802353,10532285705500,OTHER,
0.20872784,-0.11704512,-0.002163887,10532335705500,OTHER,
0.18273059,-0.048209183,-0.0020017624,10532385705500,OTHER,
0.18383378,0.022036027,-0.0018434525,10532435705500,OTHER,
0.20948623,0.08401439,-0.0017318726,10532485705500,OTHER,
0.25402606,0.13003704,-0.001698494,10532535705500,OTHER,
0.30973166,0.15526652,-0.0017604828,10532585705500,OTHER,
-0.4359971,0.09928682,-0.0020112991,10532635705500,OTHER,
-0.4697756,0.0632984,-0.0023107529,10532685705500,OTHER,
-0.48870468,0.020122446,-0.002632141,10532735705500,OTHER,
-0.4919656,-0.02479089,-0.0029459,10532785705500,OTHER,
-0.48055747,-0.066269815,-0.0032291412,10532835705500,OTHER,
-0.45703292,-0.0999723,-0.0034599304,10532885705500,OTHER,
-0.42508236,-0.122800454,-0.0036239624,10532935705500,OTHER,
-0.38902444,-0.1331429,-0.0037174225,10532985705500,OTHER,
-0.35326603,-0.13093096,-0.0037403107,10533035705500,OTHER,
-0.3217963,-0.11751507,-0.0037031174,10533085705500,OTHER,
-0.2977708,-0.09538965,-0.0036211014,10533135705500,OTHER,
-0.28322726,-0.06780969,-0.0035104752,10533185705500,OTHER,
-0.27895427,-0.03835379,-0.0033922195,10533235705500,OTHER,
-0.28451592,-0.010489963,-0.0032835007,10533285705500,OTHER,
-0.29841274,0.012805045,-0.0031995773,10533335705500,OTHER,
-0.31834868,0.029334135,-0.00315094,10533385705500,OTHER,
0.106330976,-0.24414067,-0.003027916,10533435705500,OTHER,
0.10150619,-0.23309645,-0.002896309,10533485705500,OTHER,
0.09690041,-0.22255108,-0.002755165,10533535705500,OTHER,
0.092503496,-0.21248208,-0.002609253,10533585705500,OTHER,
0.08830576,-0.2028679,-0.0024576187,10533635705500,OTHER,
0.08429797,-0.19368805,-0.0023031235,10533685705500,OTHER,
0.0804714,-0.18492286,-0.0021457672,10533735705500,OTHER,
0.07681761,-0.17655356,-0.0019865036,10533785705500,OTHER,
0.07332882,-0.16856238,-0.00182724,10533835705500,OTHER,
0.0699975,-0.1609321,-0.0016670227,10533885705500,OTHER,
0.06681647,-0.1536465,-0.0015077591,10533935705500,OTHER,
0.06377891,-0.14668992,-0.0013504028,10533985705500,OTHER,
0.0608783,-0.1400476,-0.0011940002,10534035705500,OTHER,
0.05810843,-0.13370527,-0.001039505,10534085705500,OTHER,
0.055463366,-0.12764935,-8.878708E-4,10534135705500,OTHER,
0.052937493,-0.12186693,-7.381439E-4,10534185705500,OTHER,
-1.3709668,7.084793,-9.523411,10534235705500,OTHER,
-0.69532263,3.733708,-7.813454,10534285705500,OTHER,
-0.21120167,1.3403072,-5.0357103,10534335705500,OTHER,
0.023949146,0.14867496,-1.7049718,10534385705500,OTHER,
0.019837022,0.16755486,1.6831406,10534435705500,OTHER,
-0.18337905,1.2484932,4.7374935,10534485705500,OTHER,
-0.5489743,3.166246,7.1894484,10534535705500,OTHER,
-1.0405968,5.677791,8.870346,10534585705500,OTHER,
-1.6098086,8.544852,9.676721,10534635705500,OTHER,
-2.1964443,11.526099,9.549799,10534685705500,OTHER,
-2.7430258,14.367968,8.475286,10534735705500,OTHER,
-3.2045345,16.80138,6.4878287,10534785705500,OTHER,
-3.5344558,18.531734,3.6956494,10534835705500,OTHER,
-3.670652,19.26128,0.3299706,10534885705500,OTHER,
-3.5554857,18.75676,-3.2316096,10534935705500,OTHER,
-3.1734161,16.934269,-6.4774837,10534985705500,OTHER,
-2.9554183,15.926583,-8.870737,10535035705500,OTHER,
-2.902145,15.745523,-9.032893,10535085705500,OTHER,
-2.8479223,15.553507,-9.195747,10535135705500,OTHER,
-2.7927487,15.350161,-9.358708,10535185705500,OTHER,
-2.736563,15.135166,-9.521114,10535235705500,OTHER,
-2.6792402,14.908266,-9.68224,10535285705500,OTHER,
-2.6206038,14.66927,-9.841292,10535335705500,OTHER,
-2.560453,14.41807,-9.9974165,10535385705500,OTHER,
-2.4985857,14.154626,-10.149707,10535435705500,OTHER,
-2.4348397,13.8789835,-10.29721,10535485705500,OTHER,
-2.369121,13.591263,-10.43894,10535535705500,OTHER,
-2.3014255,13.291658,-10.573892,10535585705500,OTHER,
-2.231845,12.980452,-10.701044,10535635705500,OTHER,
-2.160554,12.658,-10.819382,10535685705500,OTHER,
-2.0877883,12.324749,-10.927901,10535735705500,OTHER,
-2.0138125,11.981241,-11.025622,10535785705500,OTHER,
-1.9211755,11.544468,-11.499515,10535835705500,OTHER,
-1.8392432,11.154357,-11.577213,10535885705500,OTHER,
-1.7568971,10.754812,-11.639229,10535935705500,OTHER,
-1.674317,10.346977,-11.68459,10535985705500,OTHER,
-1.5916654,9.932122,-11.712428,10536035705500,OTHER,
-1.5090992,9.511642,-11.721992,10536085705500,OTHER,
-1.4267796,9.087032,-11.712674,10536135705500,OTHER,
-1.3448783,8.659881,-11.684023,10536185705500,OTHER,
-1.2635827,8.231842,-11.635761,10536235705500,OTHER,
-1.1830978,7.804616,-11.567794,10536285705500,OTHER,
-1.1036463,7.379922,-11.480216,10536335705500,OTHER,
-1.0254635,6.9594693,-11.37332,10536385705500,OTHER,
-0.94879407,6.5449343,-11.247592,10536435705500,OTHER,
-0.8738853,6.137926,-11.103703,10536485705500,OTHER,
-0.8009815,5.739967,-10.942497,10536535705500,OTHER,
-0.73031807,5.3524656,-10.764983,10536585705500,OTHER,
-0.6621157,4.9766984,-10.572306,10536635705500,OTHER,
-0.596573,4.613792,-10.365725,10536685705500,OTHER,
-0.5338681,4.2647185,-10.1466,10536735705500,OTHER,
-0.47414494,3.930275,-9.916353,10536785705500,OTHER,
-0.4175198,3.611086,-9.676447,10536835705500,OTHER,
-0.36408055,3.3076096,-9.428362,10536885705500,OTHER,
-0.3138764,3.0201383,-9.173573,10536935705500,OTHER,
-0.26693165,2.7488012,-8.91352,10536985705500,OTHER,
-0.22323906,2.4935904,-8.649602,10537035705500,OTHER,
-0.18276119,2.2543597,-8.383151,10537085705500,OTHER,
-0.14544058,2.030847,-8.115425,10537135705500,OTHER,
-0.111195326,1.8226848,-7.8475933,10537185705500,OTHER,
-0.07992196,1.6294188,-7.5807343,10537235705500,OTHER,
-0.051504493,1.4505234,-7.3158245,10537285705500,OTHER,
-0.025815606,1.2854166,-7.053747,10537335705500,OTHER,
-0.002715826,1.1334639,-6.795273,10537385705500,OTHER,
0.9832237,-2.9847794,-5.9486637,10537435705500,OTHER,
0.98323977,-2.9855604,-5.9473276,10537485705500,OTHER,
0.9832579,-2.9863749,-5.9459324,10537535705500,OTHER,
0.98327696,-2.9872198,-5.944482,10537585705500,OTHER,
0.9832983,-2.988101,-5.9429703,10537635705500,OTHER,
0.9833213,-2.9890156,-5.9413996,10537685705500,OTHER,
0.983346,-2.9899635,-5.9397717,10537735705500,OTHER,
0.9833727,-2.9909449,-5.9380846,10537785705500,OTHER,
0.9834006,-2.9919567,-5.9363413,10537835705500,OTHER,
0.98343074,-2.9930048,-5.934538,10537885705500,OTHER,
0.9834634,-2.9940853,-5.9326773,10537935705500,OTHER,
0.983498,-2.9951973,-5.9307585,10537985705500,OTHER,
0.98353386,-2.9963427,-5.9287825,10538035705500,OTHER,
0.9835713,-2.9975214,-5.9267483,10538085705500,OTHER,
0.98361075,-2.9987316,-5.924655,10538135705500,OTHER,
0.9836515,-2.9999752,-5.9225054,10538185705500,OTHER,
-4.3672647,-3.994864,-5.925064,10538235705500,OTHER,
-4.3427105,-3.9959455,-5.9135275,10538285705500,OTHER,
-4.3178167,-3.9970107,-5.901725,10538335705500,OTHER,
-4.292589,-3.9980588,-5.889658,10538385705500,OTHER,
-4.2670345,-3.9990869,-5.877327,10538435705500,OTHER,
-4.241159,-4.000092,-5.864732,10538485705500,OTHER,
-4.214969,-4.0010686,-5.8518753,10538535705500,OTHER,
-4.188472,-4.0020146,-5.8387594,10538585705500,OTHER,
-4.1616745,-4.0029273,-5.825389,10538635705500,OTHER,
-4.134584,-4.003801,-5.811762,10538685705500,OTHER,
-4.1072044,-4.0046353,-5.7978773,10538735705500,OTHER,
-4.079545,-4.005426,-5.78374,10538785705500,OTHER,
-4.051611,-4.00617,-5.769349,10538835705500,OTHER,
-4.02341,-4.006862,-5.7547083,10538885705500,OTHER,
-3.994947,-4.007505,-5.7398157,10538935705500,OTHER,
-3.9662309,-4.0080924,-5.724675,10538985705500,OTHER,
4.568284,-1.7664199,-5.824505,10539035705500,OTHER,
4.556182,-1.7750907,-5.8147945,10539085705500,OTHER,
4.543935,-1.783855,-5.80492,10539135705500,OTHER,
4.5315447,-1.7927079,-5.794882,10539185705500,OTHER,
4.5190134,-1.8016467,-5.7846813,10539235705500,OTHER,
4.506341,-1.8106675,-5.7743206,10539285705500,OTHER,
4.4935303,-1.8197751,-5.7637978,10539335705500,OTHER,
4.480581,-1.8289609,-5.7531157,10539385705500,OTHER,
4.4674954,-1.838223,-5.742275,10539435705500,OTHER,
4.454276,-1.8475604,-5.7312765,10539485705500,OTHER,
4.4409237,-1.8569703,-5.7201204,10539535705500,OTHER,
4.4274397,-1.8664517,-5.708809,10539585705500,OTHER,
4.413825,-1.8760018,-5.697342,10539635705500,OTHER,
4.4000816,-1.8856168,-5.6857214,10539685705500,OTHER,
4.3862114,-1.8952947,-5.6739473,10539735705500,OTHER,
4.3722143,-1.9050326,-5.6620226,10539785705500,OTHER,
1.2806988,0.3817768,-6.118347,10539835705500,OTHER,
1.2582319,0.3154335,-5.9959345,10539885705500,OTHER,
1.2361462,0.25254536,-5.875805,10539935705500,OTHER,
1.2144399,0.19293404,-5.7579403,10539985705500,OTHER,
1.1931133,0.13642693,-5.6423154,10540035705500,OTHER,
1.1721625,0.08286381,-5.528907,10540085705500,OTHER,
1.151587,0.032092094,-5.417686,10540135705500,OTHER,
1.131382,-0.01603508,-5.3086214,10540185705500,OTHER,
1.111542,-0.06164837,-5.2016873,10540235705500,OTHER,
1.0920646,-0.10488129,-5.096846,10540285705500,OTHER,
1.0729446,-0.14585209,-4.9940686,10540335705500,OTHER,
1.0541766,-0.18467808,-4.8933206,10540385705500,OTHER,
1.0357583,-0.22146511,-4.794568,10540435705500,OTHER,
1.0176821,-0.25632,-4.6977763,10540485705500,OTHER,
0.99994165,-0.2893362,-4.602912,10540535705500,OTHER,
0.9825322,-0.3206072,-4.5099397,10540585705500,OTHER,
-0.06815481,0.059710503,-4.158847,10540635705500,OTHER,
-0.04144442,-0.023382187,-3.7498941,10540685705500,OTHER,
-0.022372603,-0.079815865,-3.4052668,10540735705500,OTHER,
-0.008615494,-0.118356705,-3.1111093,10540785705500,OTHER,
0.0013743639,-0.14459419,-2.857151,10540835705500,OTHER,
0.008651137,-0.16220665,-2.635661,10540885705500,OTHER,
0.013947725,-0.17367077,-2.4407396,10540935705500,OTHER,
0.017778993,-0.18069458,-2.2678168,10540985705500,OTHER,
0.020511746,-0.18446732,-2.1133268,10541035705500,OTHER,
0.022417307,-0.18584728,-1.9744159,10541085705500,OTHER,
0.023695469,-0.18545914,-1.8487946,10541135705500,OTHER,
0.02449274,-0.18375397,-1.7346119,10541185705500,OTHER,
0.02491963,-0.18107128,-1.6303532,10541235705500,OTHER,
0.025062919,-0.17766666,-1.5347595,10541285705500,OTHER,
0.024986506,-0.17373466,-1.446784,10541335705500,OTHER,
0.024740934,-0.16941738,-1.365553,10541385705500,OTHER,
0.024366379,-0.16483593,-1.2903152,10541435705500,OTHER,
0.023892999,-0.16007423,-1.2204385,10541485705500,OTHER,
0.023347497,-0.15520287,-1.1553717,10541535705500,OTHER,
0.022745013,-0.15027428,-1.0946591,10541585705500,OTHER,
0.022103548,-0.14533043,-1.0378885,10541635705500,OTHER,
0.021434784,-0.14040661,-0.98470575,10541685705500,OTHER,
0.020747542,-0.1355238,-0.93480223,10541735705500,OTHER,
0.020050526,-0.13070774,-0.887903,10541785705500,OTHER,
0.01935041,-0.1259718,-0.8437629,10541835705500,OTHER,
0.018651009,-0.121328354,-0.80217195,10541885705500,OTHER,
0.017957091,-0.116786,-0.7629349,10541935705500,OTHER,
0.017271519,-0.11235142,-0.7258805,10541985705500,OTHER,
0.016597748,-0.10803032,-0.6908525,10542035705500,OTHER,
0.01593721,-0.10382652,-0.6577127,10542085705500,OTHER,
0.015291691,-0.0997448,-0.6263317,10542135705500,OTHER,
0.01466167,-0.09577942,-0.59660053,10542185705500,OTHER,
0.014048696,-0.09193802,-0.5684078,10542235705500,OTHER,
0.013453007,-0.08821678,-0.5416602,10542285705500,OTHER,
0.012876272,-0.08461666,-0.5162668,10542335705500,OTHER,
0.0123173,-0.081134796,-0.49215257,10542385705500,OTHER,
0.01177609,-0.077768326,-0.4692397,10542435705500,OTHER,
0.011254191,-0.07452202,-0.4474573,10542485705500,OTHER,
0.01075089,-0.07138729,-0.42674267,10542535705500,OTHER,
0.01026535,-0.068362236,-0.4070394,10542585705500,OTHER,
0.009798169,-0.06544685,-0.38828862,10542635705500,OTHER,
0.0093483925,-0.062636375,-0.3704418,10542685705500,OTHER,
0.008915663,-0.059931755,-0.3534479,10542735705500,OTHER,
0.00849998,-0.05732727,-0.3372649,10542785705500,OTHER,
0.008100271,-0.054818153,-0.32185102,10542835705500,OTHER,
0.007717252,-0.052407265,-0.30716372,10542885705500,OTHER,
0.0073498487,-0.05008602,-0.29316854,10542935705500,OTHER,
0.006998062,-0.04785633,-0.2798295,10542985705500,OTHER,
1.0079359,0.15042782,0.15246856,10543035705500,OTHER,
0.7472756,0.09978104,0.10052383,10543085705500,OTHER,
0.50783634,0.05404377,0.015059352,10543135705500,OTHER,
0.2929414,0.013489723,-0.09897876,10543185705500,OTHER,
0.10505104,-0.021735191,-0.2365098,10543235705500,OTHER,
-0.054195642,-0.05158806,-0.39247537,10543285705500,OTHER,
-0.18392342,-0.076132774,-0.56189233,10543335705500,OTHER,
-0.28395823,-0.09551716,-0.7399879,10543385705500,OTHER,
-0.35476503,-0.10997105,-0.9222294,10543435705500,OTHER,
-0.39736906,-0.11979008,-1.1044172,10543485705500,OTHER,
-0.41328764,-0.12531853,-1.2827215,10543535705500,OTHER,
-0.40445405,-0.12695217,-1.4537259,10543585705500,OTHER,
-0.3731415,-0.12511635,-1.6144546,10543635705500,OTHER,
-0.32188594,-0.12026119,-1.7623904,10543685705500,OTHER,
-0.25342703,-0.11285114,-1.8954829,10543735705500,OTHER,
-0.17062426,-0.10335255,-2.0121624,10543785705500,OTHER,
-3.1472592,-0.71635437,-0.58937645,10543835705500,OTHER,
-2.9441955,-0.69442654,-0.022789985,10543885705500,OTHER,
-2.5512,-0.6288891,0.39208657,10543935705500,OTHER,
-2.0505772,-0.53601265,0.59893256,10543985705500,OTHER,
-1.5354726,-0.43506718,0.58132285,10544035705500,OTHER,
-1.09343,-0.34491253,0.36179113,10544085705500,OTHER,
-0.79217577,-0.28090382,-0.0052372515,10544135705500,OTHER,
-0.6698127,-0.25254345,-0.44519007,10544185705500,OTHER,
-0.7309003,-0.26236343,-0.8776506,10544235705500,OTHER,
-0.9486737,-0.30616188,-1.230588,10544285705500,OTHER,
-1.2724967,-0.3743248,-1.4519768,10544335705500,OTHER,
-1.6386964,-0.45396996,-1.5166588,10544385705500,OTHER,
-1.982444,-0.5314293,-1.4278243,10544435705500,OTHER,
-2.2484884,-0.594594,-1.2136291,10544485705500,OTHER,
-2.3991556,-0.63472366,-0.92029214,10544535705500,OTHER,
-2.4188337,-0.6475382,-0.6031849,10544585705500,OTHER,
-0.57145226,-0.28257275,1.7635301,10544635705500,OTHER,
-0.5449562,-0.2773323,1.6823205,10544685705500,OTHER,
-0.519887,-0.27166176,1.6048763,10544735705500,OTHER,
-0.4961332,-0.26563644,1.5310304,10544785705500,OTHER,
-0.47359288,-0.25932693,1.460619,10544835705500,OTHER,
-0.45218003,-0.2527895,1.3934824,10544885705500,OTHER,
-0.4318185,-0.24608517,1.3294716,10544935705500,OTHER,
-0.41243863,-0.23926163,1.2684436,10544985705500,OTHER,
-0.39397943,-0.23235512,1.2102532,10545035705500,OTHER,
-0.37638652,-0.22540855,1.1547705,10545085705500,OTHER,
-0.3596084,-0.21845627,1.1018703,10545135705500,OTHER,
-0.34360301,-0.21151924,1.0514259,10545185705500,OTHER,
-0.32832623,-0.20463085,1.0033264,10545235705500,OTHER,
-0.31374216,-0.1978054,0.95745665,10545285705500,OTHER,
-0.2998147,-0.19106674,0.9137145,10545335705500,OTHER,
-0.2865131,-0.18442726,0.87199724,10545385705500,OTHER,
-1.4391055,-0.4218092,-2.2330387,10545435705500,OTHER,
-1.098346,-0.3616867,-2.1014786,10545485705500,OTHER,
-0.82447505,-0.31118774,-1.8834326,10545535705500,OTHER,
-0.6351943,-0.2743225,-1.6058742,10545585705500,OTHER,
-0.53910065,-0.25349045,-1.2980515,10545635705500,OTHER,
-0.5361476,-0.2494793,-0.9888809,10545685705500,OTHER,
-0.61859846,-0.26160145,-0.7047834,10545735705500,OTHER,
-0.77234983,-0.28785896,-0.46790063,10545785705500,OTHER,
-0.9785166,-0.3252411,-0.29467636,10545835705500,OTHER,
-1.2152529,-0.36998653,-0.19496751,10545885705500,OTHER,
-1.4597147,-0.4179411,-0.17162228,10545935705500,OTHER,
-1.6900423,-0.46495628,-0.22067034,10545985705500,OTHER,
-1.8872348,-0.5072317,-0.33212817,10546035705500,OTHER,
-2.0366473,-0.54166603,-0.49128383,10546085705500,OTHER,
-2.1290002,-0.5660734,-0.6803728,10546135705500,OTHER,
-2.1608014,-0.57931805,-0.8804176,10546185705500,OTHER,
-0.15584719,-0.18267727,-1.4678214,10546235705500,OTHER,
-0.14815712,-0.17902088,-1.3996843,10546285705500,OTHER,
-0.14088488,-0.1750946,-1.3348527,10546335705500,OTHER,
-0.13400638,-0.17095757,-1.273148,10546385705500,OTHER,
-0.12749636,-0.16665268,-1.2144043,10546435705500,OTHER,
-0.121332884,-0.16222286,-1.1584685,10546485705500,OTHER,
-0.11549544,-0.15770149,-1.1051971,10546535705500,OTHER,
-0.10996437,-0.153121,-1.0544522,10546585705500,OTHER,
-0.10472202,-0.14850807,-1.0061035,10546635705500,OTHER,
-0.09975135,-0.14388657,-0.9600331,10546685705500,OTHER,
-0.095036626,-0.1392765,-0.9161243,10546735705500,OTHER,
-0.09056294,-0.134696,-0.8742707,10546785705500,OTHER,
-0.08631718,-0.13015938,-0.8343731,10546835705500,OTHER,
-0.08228588,-0.12567711,-0.796335,10546885705500,OTHER,
-0.0784564,-0.121266365,-0.7600609,10546935705500,OTHER,
-0.07481825,-0.11692715,-0.72547054,10546985705500,OTHER,
-2.2449865,-6.761303,9.810143,10547035705500,OTHER,
-2.2984695,-6.7477474,9.974006,10547085705500,OTHER,
-2.3540418,-6.731825,10.13454,10547135705500,OTHER,
-2.4113114,-6.713564,10.292016,10547185705500,OTHER,
-2.469859,-6.692979,10.446732,10547235705500,OTHER,
-2.5292659,-6.6700706,10.598968,10547285705500,OTHER,
-2.589147,-6.644825,10.74898,10547335705500,OTHER,
-2.6491709,-6.6172447,10.897017,10547385705500,OTHER,
-2.7090824,-6.5873194,11.043291,10547435705500,OTHER,
-2.7687168,-6.5550547,11.187988,10547485705500,OTHER,
-2.8279934,-6.5204554,11.33127,10547535705500,OTHER,
-2.8869147,-6.4835234,11.473255,10547585705500,OTHER,
-2.9455452,-6.444274,11.614053,10547635705500,OTHER,
-3.0039926,-6.402707,11.753764,10547685705500,OTHER,
-3.062398,-6.3588247,11.892464,10547735705500,OTHER,
-3.1209114,-6.312624,12.030227,10547785705500,OTHER,
4.084877,-10.300121,-7.327404,10547835705500,OTHER,
4.932508,-10.3566885,-9.8531885,10547885705500,OTHER,
5.6413317,-9.687159,-12.385099,10547935705500,OTHER,
6.1499715,-8.285837,-14.747161,10547985705500,OTHER,
6.3913083,-6.1893435,-16.735176,10548035705500,OTHER,
6.3068094,-3.5075881,-18.11951,10548085705500,OTHER,
5.866088,-0.44675463,-18.6776,10548135705500,OTHER,
5.079903,2.69352,-18.242088,10548185705500,OTHER,
4.0075026,5.534506,-16.751198,10548235705500,OTHER,
2.763851,7.6638627,-14.306696,10548285705500,OTHER,
1.5159742,8.737049,-11.200254,10548335705500,OTHER,
0.45077825,8.588366,-7.868468,10548385705500,OTHER,
-0.2849903,7.2822785,-4.7807484,10548435705500,OTHER,
-0.62612414,5.0697484,-2.3189988,10548485705500,OTHER,
-0.5788281,2.301346,-0.7159996,10548535705500,OTHER,
-0.19335437,-0.6585004,-0.044137955,10548585705500,OTHER,
-1.9568052,6.8762493,0.8500595,10548635705500,OTHER,
-2.1303694,10.223393,-0.56478596,10548685705500,OTHER,
-1.8388331,12.856102,-3.012897,10548735705500,OTHER,
-1.1231797,14.453266,-6.1898937,10548785705500,OTHER,
-0.046721578,14.772894,-9.722565,10548835705500,OTHER,
1.2787184,13.659983,-13.148896,10548885705500,OTHER,
2.6697178,11.118289,-15.911344,10548935705500,OTHER,
3.8843899,7.419872,-17.420868,10548985705500,OTHER,
4.6604457,3.1689208,-17.221233,10549035705500,OTHER,
4.783535,-0.7756214,-15.198654,10549085705500,OTHER,
4.1840854,-3.5172324,-11.717731,10549135705500,OTHER,
3.0043056,-4.4491315,-7.5673313,10549185705500,OTHER,
1.5378971,-3.4872317,-3.666204,10549235705500,OTHER,
0.09527421,-1.011858,-0.73533344,10549285705500,OTHER,
-1.0832684,2.3734457,0.8461466,10549335705500,OTHER,
-1.8485951,6.053828,1.0031824,10549385705500,OTHER,
-7.1580706,5.4099073,17.365463,10549435705500,OTHER,
-7.1639924,5.3218045,17.38147,10549485705500,OTHER,
-7.1698475,5.2295446,17.397408,10549535705500,OTHER,
-7.175601,5.132942,17.413197,10549585705500,OTHER,
-7.1812105,5.0318046,17.428743,10549635705500,OTHER,
-7.186635,4.9259386,17.443953,10549685705500,OTHER,
-7.19182,4.815142,17.458708,10549735705500,OTHER,
-7.196708,4.699212,17.472872,10549785705500,OTHER,
-7.2012367,4.577941,17.48631,10549835705500,OTHER,
-7.205336,4.451122,17.498863,10549885705500,OTHER,
-7.2089243,4.3185434,17.51034,10549935705500,OTHER,
-7.211919,4.179998,17.52056,10549985705500,OTHER,
-7.2142234,4.035277,17.529293,10550035705500,OTHER,
-7.2157335,3.8841763,17.536304,10550085705500,OTHER,
-7.2163353,3.7264974,17.541336,10550135705500,OTHER,
-7.2159057,3.5620487,17.544092,10550185705500,OTHER,
-6.1183195,-4.7477446,17.534771,10550235705500,OTHER,
-5.9419456,-5.506422,17.538542,10550285705500,OTHER,
-5.573224,-6.223933,17.553413,10550335705500,OTHER,
-5.020339,-6.85439,17.576187,10550385705500,OTHER,
-4.3018956,-7.352939,17.602493,10550435705500,OTHER,
-3.4477954,-7.6769514,17.627197,10550485705500,OTHER,
-2.4999075,-7.7885365,17.644943,10550535705500,OTHER,
-1.5117073,-7.6584334,17.650455,10550585705500,OTHER,
-0.5463048,-7.2707124,17.638554,10550635705500,OTHER,
0.32733297,-6.6273394,17.603966,10550685705500,OTHER,
1.0399625,-5.751482,17.541481,10550735705500,OTHER,
1.5290556,-4.688221,17.446712,10550785705500,OTHER,
1.7461028,-3.50156,17.317226,10550835705500,OTHER,
1.6623411,-2.2679148,17.153248,10550885705500,OTHER,
1.2713523,-1.0680413,16.957579,10550935705500,OTHER,
0.58840823,0.020145416,16.734936,10550985705500,OTHER,
5.3670373,0.755281,16.569641,10551035705500,OTHER,
5.3165445,1.0693197,16.388878,10551085705500,OTHER,
5.2606754,1.3838439,16.192186,10551135705500,OTHER,
5.1991816,1.6975574,15.979248,10551185705500,OTHER,
5.1318617,2.0090642,15.749822,10551235705500,OTHER,
5.0585756,2.3169026,15.503807,10551285705500,OTHER,
4.979248,2.6195483,15.24124,10551335705500,OTHER,
4.8938727,2.9154453,14.962315,10551385705500,OTHER,
4.8025217,3.2030149,14.667376,10551435705500,OTHER,
4.7053423,3.4806848,14.356926,10551485705500,OTHER,
4.602557,3.7469177,14.0316515,10551535705500,OTHER,
4.4944606,4.000239,13.692408,10551585705500,OTHER,
4.381421,4.2392497,13.340195,10551635705500,OTHER,
4.2638683,4.462667,12.976183,10551685705500,OTHER,
4.142287,4.6693473,12.601674,10551735705500,OTHER,
4.0172124,4.85829,12.218092,10551785705500,OTHER,
3.8892179,5.0286813,11.826971,10551835705500,OTHER,
3.7589002,5.179891,11.429911,10551885705500,OTHER,
3.6268783,5.3114896,11.028578,10551935705500,OTHER,
3.4937794,5.4232507,10.624657,10551985705500,OTHER,
3.3602207,5.515145,10.219826,10552035705500,OTHER,
3.2268085,5.5873475,9.815755,10552085705500,OTHER,
3.0941234,5.6402173,9.414036,10552135705500,OTHER,
2.9627128,5.674295,9.016206,10552185705500,OTHER,
2.8330865,5.69027,8.62369,10552235705500,OTHER,
2.705713,5.688975,8.237812,10552285705500,OTHER,
2.5810075,5.6713586,7.859769,10552335705500,OTHER,
2.4593396,5.6384606,7.4906163,10552385705500,OTHER,
2.341021,5.5914006,7.131282,10552435705500,OTHER,
2.226314,5.5313373,6.7825394,10552485705500,OTHER,
2.115425,5.45946,6.4450274,10552535705500,OTHER,
2.0085173,5.3769755,6.1192446,10552585705500,OTHER,
1.9057019,5.285069,5.805558,10552635705500,OTHER,
1.8070526,5.1849093,5.5042157,10552685705500,OTHER,
1.7126004,5.077623,5.2153482,10552735705500,OTHER,
1.6223459,4.964289,4.9389825,10552785705500,OTHER,
1.5362537,4.8459363,4.675061,10552835705500,OTHER,
1.454263,4.7235227,4.4234405,10552885705500,OTHER,
1.3762927,4.597943,4.183912,10552935705500,OTHER,
1.3022428,4.4700217,3.9562078,10552985705500,OTHER,
1.2319942,4.340512,3.740006,10553035705500,OTHER,
1.1654233,4.2100987,3.5349593,10553085705500,OTHER,
1.102393,4.0794053,3.3406887,10553135705500,OTHER,
1.0427659,3.9489818,3.1567879,10553185705500,OTHER,
0.98639417,3.8193135,2.9828358,10553235705500,OTHER,
0.93312955,3.6908355,2.8184094,10553285705500,OTHER,
0.8828236,3.563921,2.6630797,10553335705500,OTHER,
0.83533263,3.4388938,2.516415,10553385705500,OTHER,
0.79051363,3.316032,2.3779922,10553435705500,OTHER,
0.7482252,3.195568,2.2473936,10553485705500,OTHER,
0.7083328,3.077694,2.1242113,10553535705500,OTHER,
0.6707041,2.9625697,2.0080504,10553585705500,OTHER,
0.6352136,2.8503175,1.8985295,10553635705500,OTHER,
0.60173845,2.741036,1.79528,10553685705500,OTHER,
0.5701649,2.6348,1.6979537,10553735705500,OTHER,
0.54038525,2.531654,1.6062083,10553785705500,OTHER,
0.5122907,2.4316268,1.5197234,10553835705500,OTHER,
0.48578238,2.3347306,1.4381957,10553885705500,OTHER,
0.46076608,2.2409573,1.3613319,10553935705500,OTHER,
0.43715358,2.150291,1.2888603,10553985705500,OTHER,
0.41486096,2.0627027,1.2205195,10554035705500,OTHER,
0.39380908,1.9781551,1.1560655,10554085705500,OTHER,
0.37392497,1.896605,1.0952687,10554135705500,OTHER,
0.35513783,1.8179946,1.037909,10554185705500,OTHER,
0.5197346,1.6214991,1.3590198,10554235705500,OTHER,
0.5130031,1.5974298,1.3421569,10554285705500,OTHER,
0.506212,1.5729623,1.3251228,10554335705500,OTHER,
0.49937463,1.5481381,1.3079505,10554385705500,OTHER,
0.49250245,1.5230017,1.2906761,10554435705500,OTHER,
0.48560882,1.4975939,1.2733302,10554485705500,OTHER,
0.4787042,1.4719548,1.2559423,10554535705500,OTHER,
0.47179914,1.4461236,1.2385435,10554585705500,OTHER,
0.46490407,1.4201388,1.2211576,10554635705500,OTHER,
0.45802855,1.3940363,1.203814,10554685705500,OTHER,
0.45118237,1.3678522,1.1865349,10554735705500,OTHER,
0.44437265,1.3416195,1.169343,10554785705500,OTHER,
0.43760896,1.315371,1.1522593,10554835705500,OTHER,
0.43089628,1.2891364,1.1353035,10554885705500,OTHER,
0.42424297,1.2629471,1.1184931,10554935705500,OTHER,
0.41765428,1.2368293,1.1018448,10554985705500,OTHER,
2.6691124,-0.23971415,3.7207823,10555035705500,OTHER,
2.6659033,-0.24297762,3.7194905,10555085705500,OTHER,
2.6626186,-0.24633074,3.7181625,10555135705500,OTHER,
2.6592572,-0.2497673,3.7168016,10555185705500,OTHER,
2.6558208,-0.25329065,3.7154083,10555235705500,OTHER,
2.6523116,-0.25689793,3.7139812,10555285705500,OTHER,
2.6487296,-0.26058817,3.712522,10555335705500,OTHER,
2.6450772,-0.26436138,3.7110314,10555385705500,OTHER,
2.6413553,-0.26821566,3.7095094,10555435705500,OTHER,
2.6375642,-0.27214813,3.7079582,10555485705500,OTHER,
2.633706,-0.27616024,3.7063775,10555535705500,OTHER,
2.629783,-0.2802496,3.7047672,10555585705500,OTHER,
2.6257942,-0.2844143,3.7031293,10555635705500,OTHER,
2.6217427,-0.28865576,3.7014642,10555685705500,OTHER,
2.6176288,-0.29296875,3.699772,10555735705500,OTHER,
2.6134546,-0.2973547,3.6980538,10555785705500,OTHER,
1.8857613,-0.65001106,4.7266526,10555835705500,OTHER,
1.8844252,-0.65352154,4.7246184,10555885705500,OTHER,
1.8830686,-0.6570883,4.722553,10555935705500,OTHER,
1.8816922,-0.66071224,4.720456,10555985705500,OTHER,
1.8802974,-0.66439295,4.7183285,10556035705500,OTHER,
1.8788841,-0.66812944,4.71617,10556085705500,OTHER,
1.8774529,-0.6719198,4.7139826,10556135705500,OTHER,
1.8760033,-0.67576456,4.7117662,10556185705500,OTHER,
1.874537,-0.6796632,4.7095203,10556235705500,OTHER,
1.8730533,-0.68361235,4.7072473,10556285705500,OTHER,
1.8715525,-0.68761253,4.7049475,10556335705500,OTHER,
1.8700347,-0.6916628,4.7026205,10556385705500,OTHER,
1.8685017,-0.69576263,4.700268,10556435705500,OTHER,
1.8669527,-0.69991016,4.6978908,10556485705500,OTHER,
1.8653884,-0.7041054,4.695489,10556535705500,OTHER,
1.8638093,-0.70834684,4.693062,10556585705500,OTHER,
0.7650769,-0.4354949,4.413364,10556635705500,OTHER,
0.7659619,-0.44087076,4.409338,10556685705500,OTHER,
0.7668538,-0.44629145,4.405285,10556735705500,OTHER,
0.76775336,-0.4517579,4.401203,10556785705500,OTHER,
0.7686591,-0.45726585,4.3970966,10556835705500,OTHER,
0.76957154,-0.46281528,4.3929653,10556885705500,OTHER,
0.7704909,-0.4684062,4.3888106,10556935705500,OTHER,
0.7714174,-0.47403622,4.384633,10556985705500,OTHER,
0.77234817,-0.47970152,4.3804345,10557035705500,OTHER,
0.77328634,-0.48540592,4.376214,10557085705500,OTHER,
0.7742293,-0.49114418,4.3719754,10557135705500,OTHER,
0.77517843,-0.49691725,4.367718,10557185705500,OTHER,
0.77613235,-0.5027218,4.3634434,10557235705500,OTHER,
0.7770922,-0.5085583,4.359153,10557285705500,OTHER,
0.7780564,-0.5144243,4.354847,10557335705500,OTHER,
0.7790265,-0.5203209,4.3505263,10557385705500,OTHER,
-2.2366476,0.112398624,3.8648443,10557435705500,OTHER,
-2.2186728,0.10366917,3.8531218,10557485705500,OTHER,
-2.2007205,0.09492636,3.8414664,10557535705500,OTHER,
-2.1827948,0.086172104,3.8298788,10557585705500,OTHER,
-2.1648986,0.07740593,3.8183603,10557635705500,OTHER,
-2.1470358,0.0686326,3.8069143,10557685705500,OTHER,
-2.1292083,0.059850216,3.7955399,10557735705500,OTHER,
-2.1114194,0.051062107,3.7842402,10557785705500,OTHER,
-2.0936732,0.042271614,3.7730174,10557835705500,OTHER,
-2.0759716,0.03347826,3.7618704,10557885705500,OTHER,
-2.0583172,0.024682045,3.750802,10557935705500,OTHER,
-2.040713,0.015888214,3.7398133,10557985705500,OTHER,
-2.0231624,0.007097721,3.7289052,10558035705500,OTHER,
-2.005666,-0.0016927719,3.7180781,10558085705500,OTHER,
-1.9882281,-0.010476112,3.7073336,10558135705500,OTHER,
-1.97085,-0.019252777,3.6966724,10558185705500,OTHER,
0.77623224,-0.6255269,4.1663857,10558235705500,OTHER,
0.77678895,-0.63149023,4.162387,10558285705500,OTHER,
0.77734756,-0.63746357,4.158388,10558335705500,OTHER,
0.7779076,-0.6434469,4.1543894,10558385705500,OTHER,
0.77846885,-0.64943695,4.1503906,10558435705500,OTHER,
0.77903175,-0.65543604,4.146394,10558485705500,OTHER,
0.7795968,-0.6614413,4.142398,10558535705500,OTHER,
0.7801635,-0.6674533,4.138406,10558585705500,OTHER,
0.78073096,-0.67346764,4.1344166,10558635705500,OTHER,
0.78129935,-0.67948484,4.130431,10558685705500,OTHER,
0.7818699,-0.6855073,4.1264505,10558735705500,OTHER,
0.7824404,-0.6915288,4.1224756,10558785705500,OTHER,
0.7830126,-0.69755316,4.1185055,10558835705500,OTHER,
0.7835851,-0.7035756,4.114542,10558885705500,OTHER,
0.7841587,-0.7095976,4.110586,10558935705500,OTHER,
0.78473306,-0.71561813,4.106637,10558985705500,OTHER,
0.39930058,0.82004786,0.32801628,10559035705500,OTHER,
0.34558177,0.7142296,0.28040123,10559085705500,OTHER,
0.30417252,0.6315017,0.24438667,10559135705500,OTHER,
0.27120566,0.5649352,0.2161684,10559185705500,OTHER,
0.24428535,0.51012754,0.19343948,10559235705500,OTHER,
0.22185063,0.4641447,0.17471981,10559285705500,OTHER,
0.20283628,0.42496252,0.15901947,10559335705500,OTHER,
0.18649364,0.39113283,0.14564705,10559385705500,OTHER,
0.17227936,0.3615961,0.1341114,10559435705500,OTHER,
0.15978742,0.33555794,0.12404919,10559485705500,OTHER,
0.14871383,0.31240797,0.115187645,10559535705500,OTHER,
0.13882041,0.29167557,0.10731888,10559585705500,OTHER,
0.12992167,0.2729869,0.10027981,10559635705500,OTHER,
0.12186861,0.25604486,0.09394455,10559685705500,OTHER,
0.11454368,0.24060488,0.08820629,10559735705500,OTHER,
0.10784817,0.22647381,0.08298588,10559785705500,OTHER,
0.10170245,0.21348524,0.07821369,10559835705500,OTHER,
0.09603953,0.20150423,0.073833466,10559885705500,OTHER,
0.09080434,0.19041634,0.06979942,10559935705500,OTHER,
0.0859499,0.18012428,0.06607056,10559985705500,OTHER,
0.0814352,0.17054605,0.06261444,10560035705500,OTHER,
0.07722592,0.16161013,0.05940342,10560085705500,OTHER,
0.073292494,0.15325546,0.056411743,10560135705500,OTHER,
0.06961036,0.14542961,0.05361843,10560185705500,OTHER,
0.06615639,0.13808346,0.051005363,10560235705500,OTHER,
0.06291127,0.13118029,0.048556328,10560285705500,OTHER,
0.059856415,0.124680996,0.046257973,10560335705500,OTHER,
0.056977034,0.118555546,0.0440979,10560385705500,OTHER,
0.054261923,0.112772465,0.042064667,10560435705500,OTHER,
0.051695347,0.10731125,0.04014778,10560485705500,OTHER,
0.049268723,0.10214472,0.038339615,10560535705500,OTHER,
0.04697156,0.09725428,0.036631584,10560585705500,OTHER,
-0.023997784,0.047415733,0.035009384,10560635705500,OTHER,
-0.0228014,0.045106888,0.03347397,10560685705500,OTHER,
-0.021670103,0.04291916,0.032021523,10560735705500,OTHER,
-0.020599127,0.040842056,0.030644417,10560785705500,OTHER,
-0.019585133,0.03887129,0.029338837,10560835705500,OTHER,
-0.018624067,0.03700018,0.028100014,10560885705500,OTHER,
-0.017712831,0.03522253,0.026924133,10560935705500,OTHER,
-0.016848087,0.033531666,0.02580738,10560985705500,OTHER,
-0.016027689,0.031924248,0.024746895,10561035705500,OTHER,
-0.015248537,0.030394077,0.023738861,10561085705500,OTHER,
-0.014508724,0.02893877,0.022780418,10561135705500,OTHER,
-0.013805628,0.027553082,0.021868706,10561185705500,OTHER,
-0.013138294,0.026235104,0.02100277,10561235705500,OTHER,
-0.01250267,0.02497816,0.020176888,10561285705500,OTHER,
-0.011899471,0.023781776,0.01939106,10561335705500,OTHER,
-0.011324644,0.022640705,0.01864338,10561385705500,OTHER,
-0.36693978,-0.18634653,0.017457962,10561435705500,OTHER,
-0.35039806,-0.17804098,0.016366005,10561485705500,OTHER,
-0.33461452,-0.17011976,0.015360832,10561535705500,OTHER,
-0.31955385,-0.16256237,0.014435768,10561585705500,OTHER,
-0.30518007,-0.15535259,0.01358223,10561635705500,OTHER,
-0.291461,-0.14847422,0.012795448,10561685705500,OTHER,
-0.2783656,-0.1419096,0.0120687485,10561735705500,OTHER,
-0.2658639,-0.13564634,0.011398315,10561785705500,OTHER,
-0.2539301,-0.12966776,0.010779381,10561835705500,OTHER,
-0.24253535,-0.12395859,0.01020813,10561885705500,OTHER,
-0.23165536,-0.118508816,0.009679794,10561935705500,OTHER,
-0.22126698,-0.113306046,0.009191513,10561985705500,OTHER,
-0.21134615,-0.10833979,0.008739471,10562035705500,OTHER,
-0.20187378,-0.10359669,0.008320808,10562085705500,OTHER,
-0.19282675,-0.09906864,0.00793457,10562135705500,OTHER,
-0.18418789,-0.09474325,0.007575989,10562185705500,OTHER,
-5.831688,6.8188987,-0.16080856,10562235705500,OTHER,
-4.552619,6.8094616,-0.29353333,10562285705500,OTHER,
-3.3521256,6.500867,-0.3917055,10562335705500,OTHER,
-2.297703,5.928761,-0.4587326,10562385705500,OTHER,
-1.4419503,5.1434336,-0.49828625,10562435705500,OTHER,
-0.82163477,4.2063594,-0.5139265,10562485705500,OTHER,
-0.45696044,3.185855,-0.5101652,10562535705500,OTHER,
-0.3507285,2.1512961,-0.49322414,10562585705500,OTHER,
-0.48847818,1.1667056,-0.47033024,10562635705500,OTHER,
-0.8407502,0.2855997,-0.44816113,10562685705500,OTHER,
-1.3670974,-0.45160985,-0.43174648,10562735705500,OTHER,
-2.0206068,-1.0180624,-0.4243822,10562785705500,OTHER,
-2.7521415,-1.3998396,-0.42812538,10562835705500,OTHER,
-3.514138,-1.5949616,-0.44418526,10562885705500,OTHER,
-4.2638535,-1.611826,-0.47297668,10562935705500,OTHER,
-4.96554,-1.466809,-0.5140276,10562985705500,OTHER,
-3.3392706,0.37028813,-0.5175314,10563035705500,OTHER,
-3.1856775,0.34400654,-0.5178156,10563085705500,OTHER,
-3.0392575,0.3185432,-0.5153923,10563135705500,OTHER,
-2.8996694,0.29408693,-0.5107136,10563185705500,OTHER,
-2.766588,0.2707677,-0.5041647,10563235705500,OTHER,
-2.6397014,0.24867177,-0.4960823,10563285705500,OTHER,
-2.518712,0.22785139,-0.48675346,10563335705500,OTHER,
-2.4033377,0.20832825,-0.476429,10563385705500,OTHER,
-2.2933083,0.19010067,-0.4653206,10563435705500,OTHER,
-2.188368,0.17314672,-0.45360947,10563485705500,OTHER,
-2.0882752,0.15743065,-0.44145012,10563535705500,OTHER,
-1.992799,0.14290667,-0.42897606,10563585705500,OTHER,
-1.901722,0.12951946,-0.4162979,10563635705500,OTHER,
-1.8148367,0.11721182,-0.4035101,10563685705500,OTHER,
-1.7319479,0.10591936,-0.3906927,10563735705500,OTHER,
-1.6528685,0.09557915,-0.3779106,10563785705500,OTHER,
-1.5774204,0.086126804,-0.36522102,10563835705500,OTHER,
-1.505435,0.07749987,-0.35267067,10563885705500,OTHER,
-1.4367522,0.0696373,-0.3402958,10563935705500,OTHER,
-1.371219,0.06247902,-0.3281288,10563985705500,OTHER,
-1.3086909,0.0559721,-0.3161955,10564035705500,OTHER,
-1.2490282,0.050061703,-0.3045168,10564085705500,OTHER,
-1.1920995,0.044698715,-0.29310703,10564135705500,OTHER,
-1.1377774,0.039838314,-0.28198147,10564185705500,OTHER,
-1.0859445,0.035437584,-0.27114868,10564235705500,OTHER,
-1.0364847,0.031454086,-0.26061344,10564285705500,OTHER,
-0.9892894,0.027851582,-0.25038052,10564335705500,OTHER,
-0.94425523,0.024597645,-0.24045467,10564385705500,OTHER,
-0.9012816,0.021657944,-0.23083305,10564435705500,OTHER,
-0.86027527,0.019007683,-0.22151756,10564485705500,OTHER,
-0.8211442,0.016616821,-0.21250439,10564535705500,OTHER,
-0.7838036,0.014463425,-0.20379257,10564585705500,OTHER,
3.3467479,4.2107964,-12.382251,10564635705500,OTHER,
3.2434654,3.7984142,-12.163968,10564685705500,OTHER,
3.123184,3.4043345,-11.932849,10564735705500,OTHER,
2.9906754,3.0297194,-11.689777,10564785705500,OTHER,
2.8506553,2.675127,-11.435549,10564835705500,OTHER,
2.7073894,2.3406563,-11.170944,10564885705500,OTHER,
2.5644445,2.0261035,-10.896803,10564935705500,OTHER,
2.424549,1.731123,-10.614088,10564985705500,OTHER,
2.2896154,1.4553127,-10.323906,10565035705500,OTHER,
2.160833,1.1982603,-10.027497,10565085705500,OTHER,
2.038811,0.9595585,-9.72621,10565135705500,OTHER,
1.9237435,0.7387867,-9.421452,10565185705500,OTHER,
1.8155394,0.53549576,-9.11464,10565235705500,OTHER,
1.7139384,0.3491869,-8.807161,10565285705500,OTHER,
1.6185824,0.17930508,-8.500346,10565335705500,OTHER,
1.5290757,0.025238037,-8.195427,10565385705500,OTHER,
-3.4078455,-8.670024,6.175258,10565435705500,OTHER,
-3.9664874,-9.062411,8.022386,10565485705500,OTHER,
-4.5473447,-9.056162,9.9065,10565535705500,OTHER,
-5.129289,-8.644605,11.767759,10565585705500,OTHER,
-5.6882305,-7.8234153,13.541949,10565635705500,OTHER,
-6.195471,-6.594266,15.156332,10565685705500,OTHER,
-6.61792,-4.9722047,16.526016,10565735705500,OTHER,
-6.920578,-2.996592,17.55413,10565785705500,OTHER,
-7.0709534,-0.74088,18.139542,10565835705500,OTHER,
-7.043296,1.6847781,18.190248,10565885705500,OTHER,
-6.8207426,4.1355324,17.636253,10565935705500,OTHER,
-6.3972197,6.431745,16.444359,10565985705500,OTHER,
-5.782877,8.364712,14.640966,10566035705500,OTHER,
-5.0120025,9.72393,12.333734,10566085705500,OTHER,
-4.146463,10.342762,9.712765,10566135705500,OTHER,
-3.2691507,10.141907,7.0253344,10566185705500,OTHER,
-0.7815281,19.453575,0.2984171,10566235705500,OTHER,
-1.8493377,19.147148,3.3034687,10566285705500,OTHER,
-2.9011538,17.743666,6.1425495,10566335705500,OTHER,
-3.794946,15.299459,8.417221,10566385705500,OTHER,
-4.390327,12.0732975,9.745278,10566435705500,OTHER,
-4.586695,8.517144,9.88001,10566485705500,OTHER,
-4.355236,5.1588397,8.804407,10566535705500,OTHER,
-3.7426944,2.4618301,6.723009,10566585705500,OTHER,
-2.857899,0.7352085,3.9893103,10566635705500,OTHER,
-1.8412931,0.09232807,1.0056223,10566685705500,OTHER,
-0.8230539,0.47425175,-1.871471,10566735705500,OTHER,
0.10048986,1.7192383,-4.378869,10566785705500,OTHER,
0.86405486,3.627921,-6.346002,10566835705500,OTHER,
1.4218909,5.997557,-7.671418,10566885705500,OTHER,
1.7424706,8.633256,-8.301156,10566935705500,OTHER,
1.8084885,11.350742,-8.212813,10566985705500,OTHER,
2.784772,9.167961,-11.550039,10567035705500,OTHER,
2.337027,5.256723,-10.621052,10567085705500,OTHER,
1.4959038,2.1427875,-8.300819,10567135705500,OTHER,
0.43530673,0.30880737,-5.0922604,10567185705500,OTHER,
-0.6503302,-0.091724396,-1.5948018,10567235705500,OTHER,
-1.6100065,0.8233042,1.66932,10567285705500,OTHER,
-2.3485594,2.7896519,4.3273153,10567335705500,OTHER,
-2.8045864,5.4853764,6.1461573,10567385705500,OTHER,
-2.9444122,8.577898,7.006281,10567435705500,OTHER,
-2.7642398,11.759126,6.8692684,10567485705500,OTHER,
-2.2829986,14.73872,5.7418895,10567535705500,OTHER,
-1.538284,17.207846,3.683414,10567585705500,OTHER,
-0.5900134,18.842976,0.84356797,10567635705500,OTHER,
0.4710868,19.342415,-2.5102015,10567685705500,OTHER,
1.5098324,18.484196,-5.9674973,10567735705500,OTHER,
2.3532503,16.227243,-8.986693,10567785705500,OTHER,
1.3979717,16.690563,-6.1202455,10567835705500,OTHER,
0.8540319,18.097412,-4.423147,10567885705500,OTHER,
0.17624997,19.080494,-2.3870797,10567935705500,OTHER,
-0.61224145,19.523432,-0.09611142,10567985705500,OTHER,
-1.4704702,19.320461,2.3205357,10568035705500,OTHER,
-2.337009,18.400764,4.6859074,10568085705500,OTHER,
-3.1346257,16.755165,6.7868733,10568135705500,OTHER,
-3.7793517,14.460142,8.395576,10568185705500,OTHER,
-4.1938663,11.698328,9.305361,10568235705500,OTHER,
-4.326757,8.749312,9.388533,10568285705500,OTHER,
-4.166361,5.926792,8.641463,10568335705500,OTHER,
-3.7386086,3.5044203,7.177369,10568385705500,OTHER,
-3.0983357,1.6762228,5.186476,10568435705500,OTHER,
-2.3202965,0.54306316,2.8922572,10568485705500,OTHER,
-1.4842575,0.11568928,0.51038444,10568535705500,OTHER,
-0.65802234,0.33641052,-1.7808865,10568585705500,OTHER,
-0.5092908,0.46369934,-2.0176082,10568635705500,OTHER,
-0.47867358,0.4316578,-1.9255354,10568685705500,OTHER,
-0.45089328,0.40218163,-1.8376124,10568735705500,OTHER,
-0.42556506,0.37503147,-1.7536776,10568785705500,OTHER,
-0.40237272,0.35000515,-1.6735744,10568835705500,OTHER,
-0.38103706,0.3269081,-1.5971382,10568885705500,OTHER,
-0.3613302,0.3055706,-1.5242083,10568935705500,OTHER,
-0.3430572,0.28584766,-1.4546344,10568985705500,OTHER,
-0.326054,0.26759243,-1.3882627,10569035705500,OTHER,
-0.31017956,0.25068378,-1.3249485,10569085705500,OTHER,
-0.2953146,0.23501015,-1.2645514,10569135705500,OTHER,
-0.28135505,0.22046852,-1.2069395,10569185705500,OTHER,
-0.2682144,0.2069664,-1.1519806,10569235705500,OTHER,
-0.2558161,0.1944189,-1.0995538,10569285705500,OTHER,
-0.24409527,0.18275356,-1.0495415,10569335705500,OTHER,
-0.23299432,0.17189312,-1.0018251,10569385705500,OTHER,
0.11728287,0.20493221,-1.9970164,10569435705500,OTHER,
0.1115233,0.1869669,-1.9078076,10569485705500,OTHER,
0.10587183,0.17060947,-1.8225404,10569535705500,OTHER,
0.10037148,0.15570831,-1.7410406,10569585705500,OTHER,
0.095048845,0.14213943,-1.6631498,10569635705500,OTHER,
0.08992958,0.12977695,-1.5887127,10569685705500,OTHER,
0.08502573,0.11851692,-1.5175796,10569735705500,OTHER,
0.080347806,0.1082592,-1.4496088,10569785705500,OTHER,
0.075897545,0.09891319,-1.3846593,10569835705500,OTHER,
0.07167703,0.09039879,-1.3226024,10569885705500,OTHER,
0.06768036,0.082642555,-1.2633108,10569935705500,OTHER,
0.06390521,0.075572014,-1.2066602,10569985705500,OTHER,
0.06034285,0.069132805,-1.1525398,10570035705500,OTHER,
0.056988865,0.0632658,-1.100833,10570085705500,OTHER,
0.05383098,0.05791664,-1.0514319,10570135705500,OTHER,
0.050860435,0.05304432,-1.0042408,10570185705500,OTHER,
0.048066705,0.048604965,-0.95915926,10570235705500,OTHER,
0.04544103,0.04455948,-0.91609603,10570285705500,OTHER,
0.042974353,0.040873528,-0.8749586,10570335705500,OTHER,
0.040655553,0.03751278,-0.8356623,10570385705500,OTHER,
0.03847733,0.034453392,-0.79812694,10570435705500,OTHER,
0.036429465,0.031663895,-0.7622718,10570485705500,OTHER,
0.034506112,0.029123306,-0.72802585,10570535705500,OTHER,
0.03269759,0.026809692,-0.69531596,10570585705500,OTHER,
0.030996352,0.024698257,-0.66407067,10570635705500,OTHER,
0.029396802,0.022777557,-0.63422906,10570685705500,OTHER,
0.027890772,0.021027565,-0.605726,10570735705500,OTHER,
0.026473314,0.019433022,-0.57850164,10570785705500,OTHER,
0.025137395,0.017979622,-0.5524995,10570835705500,OTHER,
0.023878336,0.016655922,-0.5276631,10570885705500,OTHER,
0.022697002,0.015450478,-0.50395054,10570935705500,OTHER,
0.0215832,0.014352798,-0.48130175,10570985705500,OTHER,
-9.012378,-6.6678085,-0.47959408,10571035705500,OTHER,
-8.271841,-6.6178083,-0.48236734,10571085705500,OTHER,
-7.5525317,-6.5145426,-0.4876219,10571135705500,OTHER,
-6.8597116,-6.362545,-0.49343762,10571185705500,OTHER,
-6.197614,-6.1668606,-0.4981617,10571235705500,OTHER,
-5.569448,-5.932783,-0.50059915,10571285705500,OTHER,
-4.977487,-5.6656857,-0.5000281,10571335705500,OTHER,
-4.4231496,-5.370861,-0.4961451,10571385705500,OTHER,
-3.9070926,-5.05338,-0.48901278,10571435705500,OTHER,
-3.429319,-4.718029,-0.4789397,10571485705500,OTHER,
-2.9892855,-4.369237,-0.46636897,10571535705500,OTHER,
-2.5859866,-4.0110264,-0.45178282,10571585705500,OTHER,
-2.21806,-3.6469991,-0.43566754,10571635705500,OTHER,
-1.8838677,-3.28033,-0.41846508,10571685705500,OTHER,
-1.5815921,-2.9137704,-0.40055883,10571735705500,OTHER,
-1.309278,-2.5496743,-0.3822709,10571785705500,OTHER,
11.544367,3.117076,-0.35383448,10571835705500,OTHER,
11.276218,2.7799664,-0.32939738,10571885705500,OTHER,
10.996987,2.4590545,-0.3091899,10571935705500,OTHER,
10.708334,2.155066,-0.2931997,10571985705500,OTHER,
10.41195,1.8685112,-0.28119537,10572035705500,OTHER,
10.109515,1.5996971,-0.27278116,10572085705500,OTHER,
9.802666,1.3487434,-0.26743397,10572135705500,OTHER,
9.492979,1.1155767,-0.26454586,10572185705500,OTHER,
9.181942,0.89995766,-0.2634826,10572235705500,OTHER,
8.87094,0.70151234,-0.26363048,10572285705500,OTHER,
8.561251,0.5197401,-0.26442018,10572335705500,OTHER,
8.254025,0.35403728,-0.2653624,10572385705500,OTHER,
7.9503,0.20372295,-0.26606384,10572435705500,OTHER,
7.650997,0.068060875,-0.26622868,10572485705500,OTHER,
7.356915,-0.053725243,-0.26566696,10572535705500,OTHER,
7.0687456,-0.1624403,-0.26426527,10572585705500,OTHER,
6.730584,-0.23343468,-0.9332741,10572635705500,OTHER,
6.269805,-0.23946285,-1.8138118,10572685705500,OTHER,
5.7086015,-0.1907444,-2.589069,10572735705500,OTHER,
5.06674,-0.09644604,-3.2461603,10572785705500,OTHER,
4.364713,0.034212112,-3.7769425,10572835705500,OTHER,
3.6231914,0.19228077,-4.177517,10572885705500,OTHER,
2.862619,0.3691225,-4.4476547,10572935705500,OTHER,
2.1028094,0.5563507,-4.5903745,10572985705500,OTHER,
1.3624027,0.7458477,-4.611691,10573035705500,OTHER,
0.6581874,0.9299841,-4.520378,10573085705500,OTHER,
0.0044817924,1.1019306,-4.3275495,10573135705500,OTHER,
-0.5872297,1.256011,-4.046124,10573185705500,OTHER,
-1.1083312,1.3878536,-3.6901906,10573235705500,OTHER,
-1.5528531,1.4943833,-3.2744603,10573285705500,OTHER,
-1.9171495,1.5736923,-2.8138952,10573335705500,OTHER,
-2.1996617,1.6248355,-2.323379,10573385705500,OTHER,
-2.327278,1.6179695,-1.9371083,10573435705500,OTHER,
-2.384846,1.5867658,-1.6072149,10573485705500,OTHER,
-2.4120657,1.5475764,-1.2886102,10573535705500,OTHER,
-2.4113214,1.5010252,-0.98371136,10573585705500,OTHER,
-2.3850882,1.447793,-0.69455653,10573635705500,OTHER,
-2.3358996,1.3886003,-0.42280647,10573685705500,OTHER,
-2.2663114,1.324203,-0.16977336,10573735705500,OTHER,
-2.1788628,1.2553825,0.063568376,10573785705500,OTHER,
-2.076061,1.1829219,0.27655235,10573835705500,OTHER,
-1.9603379,1.1076107,0.46877006,10573885705500,OTHER,
-1.834049,1.0302238,0.6400689,10573935705500,OTHER,
-1.6994536,0.95150566,0.7905406,10573985705500,OTHER,
-1.5586898,0.8721819,0.9204453,10574035705500,OTHER,
-1.4137738,0.7929325,1.0302379,10574085705500,OTHER,
-1.2665899,0.71438885,1.1205424,10574135705500,OTHER,
-1.1188776,0.6371393,1.1921189,10574185705500,OTHER,
-1.0129201,0.57814884,1.203457,10574235705500,OTHER,
-0.92843366,0.5295353,1.1913596,10574285705500,OTHER,
-0.8479755,0.48379135,1.176241,10574335705500,OTHER,
-0.77149034,0.44078636,1.1584154,10574385705500,OTHER,
-0.6989076,0.40039635,1.1381752,10574435705500,OTHER,
-0.6301539,0.36249828,1.1158015,10574485705500,OTHER,
-0.56514335,0.32698154,1.0915595,10574535705500,OTHER,
-0.5037844,0.29372978,1.0656968,10574585705500,OTHER,
-0.44597554,0.2626381,1.0384376,10574635705500,OTHER,
-0.3916142,0.23359871,1.010003,10574685705500,OTHER,
-0.34059358,0.20651913,0.9805893,10574735705500,OTHER,
-0.2928064,0.18129921,0.9503923,10574785705500,OTHER,
-0.24813724,0.15784454,0.9195804,10574835705500,OTHER,
-0.20647192,0.13607025,0.88830906,10574885705500,OTHER,
-0.16769505,0.115888596,0.8567279,10574935705500,OTHER,
-0.13169336,0.09721279,0.82497317,10574985705500,OTHER,
-0.11798811,0.0881052,0.7896072,10575035705500,OTHER,
-0.11322689,0.08300018,0.75412035,10575085705500,OTHER,
-0.10862064,0.07823753,0.72021866,10575135705500,OTHER,
-0.10416937,0.0737896,0.6878367,10575185705500,OTHER,
-0.09987092,0.069633484,0.6569038,10575235705500,OTHER,
-0.09572244,0.06574631,0.62736034,10575285705500,OTHER,
-0.09172058,0.062114716,0.59913844,10575335705500,OTHER,
-0.08786416,0.05871296,0.572185,10575385705500,OTHER,
-0.084148645,0.055530548,0.546438,10575435705500,OTHER,
-0.08057141,0.05254841,0.5218477,10575485705500,OTHER,
-0.07712793,0.049755096,0.4983593,10575535705500,OTHER,
-0.0738163,0.047135353,0.47592768,10575585705500,OTHER,
-0.07063222,0.044677734,0.4545026,10575635705500,OTHER,
-0.06756997,0.042373657,0.4340379,10575685705500,OTHER,
-0.0646286,0.040208817,0.41449383,10575735705500,OTHER,
-0.06180215,0.038175583,0.3958271,10575785705500,OTHER,
-0.059088707,0.036265373,0.37799862,10575835705500,OTHER,
-0.056484222,0.034466743,0.36097443,10575885705500,OTHER,
-0.05398345,0.032776833,0.3447136,10575935705500,OTHER,
-0.05158472,0.031187057,0.32918462,10575985705500,OTHER,
-0.04928398,0.029688835,0.31435353,10576035705500,OTHER,
-0.04707694,0.028279305,0.30018649,10576085705500,OTHER,
-0.044960737,0.026949883,0.28666008,10576135705500,OTHER,
-0.042933226,0.0256958,0.27374214,10576185705500,OTHER,
-0.040989637,0.024514198,0.26140344,10576235705500,OTHER,
-0.039126635,0.0233984,0.2496195,10576285705500,OTHER,
-0.03734231,0.022345543,0.23836686,10576335705500,OTHER,
-0.035632372,0.021352768,0.22761926,10576385705500,OTHER,
-0.033994675,0.020414352,0.21735506,10576435705500,OTHER,
-0.032426357,0.019528389,0.20755263,10576485705500,OTHER,
-0.030925274,0.018688202,0.19819325,10576535705500,OTHER,
-0.029487371,0.017897606,0.1892524,10576585705500,OTHER,
-0.028111935,0.017144203,0.18071781,10576635705500,OTHER,
-0.026793957,0.016436577,0.17256314,10576685705500,OTHER,
-0.025532484,0.01576519,0.16477555,10576735705500,OTHER,
-0.024326563,0.015128136,0.15734102,10576785705500,OTHER,
-0.023172617,0.0145254135,0.15024084,10576835705500,OTHER,
-0.022068024,0.013954163,0.14345862,10576885705500,OTHER,
-0.021011353,0.013414383,0.13698153,10576935705500,OTHER,
-0.020001173,0.0129003525,0.1307973,10576985705500,OTHER,
-0.019033909,0.012414932,0.1248907,10577035705500,OTHER,
-0.018109083,0.0119524,0.11925124,10577085705500,OTHER,
-0.017225266,0.01151371,0.11386604,10577135705500,OTHER,
-0.01637888,0.011100769,0.10872049,10577185705500,OTHER,
-0.015569925,0.010704994,0.103809334,10577235705500,OTHER,
-0.014796972,0.0103302,0.099118546,10577285705500,OTHER,
-0.014057875,0.00997448,0.09463877,10577335705500,OTHER,
-0.013350964,0.009635925,0.090361826,10577385705500,OTHER,
-0.012675762,0.009314537,0.0862766,10577435705500,OTHER,
-0.012029171,0.009011269,0.082373165,10577485705500,OTHER,
-0.011411667,0.008720398,0.07864742,10577535705500,OTHER,
-0.010821819,0.008444786,0.07508885,10577585705500,OTHER,
-0.0102574825,0.008182526,0.07169103,10577635705500,OTHER,
-0.00971818,0.007933617,0.068445764,10577685705500,OTHER,
-0.009202719,0.0076961517,0.0653478,10577735705500,OTHER,
-0.0087099075,0.0074720383,0.062386606,10577785705500,OTHER,
-0.008238792,0.0072574615,0.059561614,10577835705500,OTHER,
-0.007789135,0.0070524216,0.056862876,10577885705500,OTHER,
-0.007359028,0.0068569183,0.0542863,10577935705500,OTHER,
-0.0069482327,0.006672859,0.05182488,10577985705500,OTHER,
-0.006555319,0.0064964294,0.049473934,10578035705500,OTHER,
-0.006180048,0.0063285828,0.04722937,10578085705500,OTHER,
-0.0058219433,0.006169319,0.045085344,10578135705500,OTHER,
-0.005479336,0.0060167313,0.043039516,10578185705500,OTHER,
-0.005152464,0.005870819,0.041086044,10578235705500,OTHER,
-0.0048396587,0.00573349,0.039218497,10578285705500,OTHER,
-0.0045409203,0.0056028366,0.037435707,10578335705500,OTHER,
-0.004255295,0.0054769516,0.035732992,10578385705500,OTHER,
-0.003982544,0.0053567886,0.03410802,10578435705500,OTHER,
-0.0037224293,0.0052433014,0.0325567,10578485705500,OTHER,
-0.0034737587,0.005135536,0.031074353,10578535705500,OTHER,
-0.003235817,0.0050325394,0.029657472,10578585705500,OTHER,
-0.0030093193,0.0049324036,0.028306643,10578635705500,OTHER,
-0.0027928352,0.0048389435,0.027016602,10578685705500,OTHER,
-0.002585411,0.004750252,0.025782092,10578735705500,OTHER,
-0.002387762,0.0046653748,0.024604864,10578785705500,OTHER,
-0.002199173,0.0045833588,0.023481414,10578835705500,OTHER,
-0.0020184517,0.004506111,0.022405893,10578885705500,OTHER,
-0.0018455982,0.0044317245,0.021381227,10578935705500,OTHER,
-0.0016810894,0.0043611526,0.020403322,10578985705500,OTHER,
-0.00152421,0.0042943954,0.019468086,10579035705500,OTHER,
-0.0013742447,0.0042295456,0.018574936,10579085705500,OTHER,
-0.0012307167,0.0041685104,0.017721536,10579135705500,OTHER,
-0.0010931492,0.00411129,0.016906127,10579185705500,OTHER,
-9.6154213E-4,0.004055023,0.016128713,10579235705500,OTHER,
-8.363724E-4,0.0040016174,0.015385785,10579285705500,OTHER,
-7.171631E-4,0.0039510727,0.014676176,10579335705500,OTHER,
-6.029606E-4,0.0039024353,0.013999299,10579385705500,OTHER,
-4.9328804E-4,0.003856659,0.013352234,10579435705500,OTHER,
-3.8981438E-4,0.0038108826,0.012736147,10579485705500,OTHER,
-2.89917E-4,0.0037708282,0.012144027,10579535705500,OTHER,
-1.9526482E-4,0.0037288666,0.011582886,10579585705500,OTHER,
-1.039505E-4,0.0036916733,0.011042788,10579635705500,OTHER,
-1.7166138E-5,0.0036554337,0.010528408,10579685705500,OTHER,
6.556511E-5,0.0036201477,0.010038579,10579735705500,OTHER,
1.4448166E-4,0.003586769,0.009570962,10579785705500,OTHER,
2.2029877E-4,0.0035562515,0.009122633,10579835705500,OTHER,
2.9158592E-4,0.0035238266,0.008696517,10579885705500,OTHER,
3.607273E-4,0.00349617,0.008287936,10579935705500,OTHER,
4.2676926E-4,0.0034685135,0.007898645,10579985705500,OTHER,
4.892349E-4,0.003440857,0.007526304,10580035705500,OTHER,
5.4979324E-4,0.003417015,0.0071697454,10580085705500,OTHER,
6.067753E-4,0.0033931732,0.0068301386,10580135705500,OTHER,
6.611347E-4,0.003370285,0.006506313,10580185705500,OTHER,
7.1310997E-4,0.0033473969,0.0061982702,10580235705500,OTHER,
7.634163E-4,0.0033283234,0.005901918,10580285705500,OTHER,
8.111E-4,0.0033082962,0.0056195934,10580335705500,OTHER,
8.5639954E-4,0.0032873154,0.0053507136,10580385705500,OTHER,
9.00507E-4,0.003271103,0.0050929394,10580435705500,OTHER,
9.4103813E-4,0.003252983,0.004848025,10580485705500,OTHER,
9.806156E-4,0.003235817,0.004614216,10580535705500,OTHER,
0.0010187626,0.0032215118,0.0043891747,10580585705500,OTHER,
0.0010550022,0.0032052994,0.0041758246,10580635705500,OTHER,
0.0010900497,0.003191948,0.0039700726,10580685705500,OTHER,
0.0011222363,0.0031766891,0.0037771806,10580735705500,OTHER,
0.0011541843,0.0031642914,0.0035895489,10580785705500,OTHER,
0.0011844635,0.00315094,0.0034106853,10580835705500,OTHER,
0.0012128353,0.0031394958,0.003241174,10580885705500,OTHER,
0.0012407303,0.0031290054,0.0030780924,10580935705500,OTHER,
0.0012669563,0.0031175613,0.0029237785,10580985705500,OTHER,
0.0012917519,0.003107071,0.0027758945,10581035705500,OTHER,
0.0013153553,0.0030965805,0.0026356094,10581085705500,OTHER,
0.0013380051,0.0030879974,0.0025000002,10581135705500,OTHER,
0.0013597012,0.0030784607,0.00237199,10581185705500,OTHER,
0.0013799667,0.0030698776,0.0022480711,10581235705500,OTHER,
0.0013999939,0.0030622482,0.0021305822,10581285705500,OTHER,
0.0014193058,0.0030546188,0.002017185,10581335705500,OTHER,
0.0014374256,0.0030469894,0.001909633,10581385705500,OTHER,
0.0014548302,0.0030403137,0.0018073417,10581435705500,OTHER,
0.0014717579,0.003033638,0.0017097265,10581485705500,OTHER,
0.0014874935,0.0030260086,0.0016156185,10581535705500,OTHER,
0.0015027523,0.0030202866,0.0015267712,10581585705500,OTHER,
0.0015170574,0.0030136108,0.001441431,10581635705500,OTHER,
0.0015311241,0.0030088425,0.0013595979,10581685705500,OTHER,
0.0015442371,0.0030021667,0.0012830256,10581735705500,OTHER,
0.0015566349,0.0029964447,0.0012099603,10581785705500,OTHER,
0.0015687943,0.0029916763,0.0011380642,10581835705500,OTHER,
0.0015799999,0.002986908,0.0010702596,10581885705500,OTHER,
0.0015909672,0.0029821396,0.0010059621,10581935705500,OTHER,
0.0016014576,0.0029792786,9.4283384E-4,10581985705500,OTHER,
0.0016109943,0.0029735565,8.855507E-4,10582035705500,OTHER,
0.0016207695,0.0029716492,8.2826754E-4,10582085705500,OTHER,
0.001629591,0.0029659271,7.7566056E-4,10582135705500,OTHER,
0.0016384125,0.0029640198,7.230536E-4,10582185705500,OTHER,
0.0018172264,0.0028886795,-3.5948097E-4,10598035705500,PICKUP,
0.0018172264,0.0028886795,-3.600655E-4,10598085705500,PICKUP,
0.0018172264,0.0028886795,-3.6065E-4,10598135705500,PICKUP,
0.001816988,0.0028867722,-3.600655E-4,10598185705500,PICKUP,
0.001816988,0.0028877258,-3.600655E-4,10598235705500,PICKUP,
0.0018179417,0.0028896332,-3.6240357E-4,10598285705500,PICKUP,
0.0018172264,0.0028886795,-3.6123453E-4,10598335705500,PICKUP,
0.0018179417,0.0028896332,-3.6181905E-4,10598385705500,PICKUP,
0.0018174648,0.0028886795,-3.6123453E-4,10598435705500,PICKUP,
0.0018181801,0.0028896332,-3.6181905E-4,10598485705500,PICKUP,
0.0018179417,0.0028877258,-3.600655E-4,10598535705500,PICKUP,
0.0018181801,0.0028886795,-3.6065E-4,10598585705500,PICKUP,
0.0018179417,0.0028877258,-3.600655E-4,10598635705500,PICKUP,
0.0018174648,0.0028886795,-3.6065E-4,10598685705500,PICKUP,
0.0018172264,0.0028886795,-3.6123453E-4,10598735705500,PICKUP,
0.0018181801,0.0028896332,-3.6123453E-4,10598785705500,PICKUP,
0.0018179417,0.0028886795,-3.600655E-4,10598835705500,PICKUP,
0.0018181801,0.0028905869,-3.6240357E-4,10598885705500,PICKUP,
0.0018179417,0.0028886795,-3.6181905E-4,10598935705500,PICKUP,
0.0018184185,0.0028905869,-3.6240357E-4,10598985705500,PICKUP,
0.0018179417,0.0028886795,-3.6123453E-4,10599035705500,PICKUP,
0.0018181801,0.0028896332,-3.6123453E-4,10599085705500,PICKUP,
0.0018179417,0.0028877258,-3.6065E-4,10599135705500,PICKUP,
0.0018179417,0.0028886795,-3.6123453E-4,10599185705500,PICKUP,
0.0018172264,0.0028877258,-3.600655E-4,10599235705500,PICKUP,
0.0018172264,0.0028886795,-3.600655E-4,10599285705500,PICKUP,
0.0018179417,0.0028896332,-3.6123453E-4,10599335705500,PICKUP,
0.0018179417,0.0028886795,-3.600655E-4,10599385705500,PICKUP,
0.0018179417,0.0028886795,-3.6065E-4,10599435705500,PICKUP,
0.0018174648,0.0028886795,-3.600655E-4,10599485705500,PICKUP,
0.0018174648,0.0028886795,-3.600655E-4,10599535705500,PICKUP,
0.0018174648,0.0028886795,-3.6065E-4,10599585705500,PICKUP,
0.0018179417,0.0028896332,-3.6123453E-4,10599635705500,PICKUP,
0.0018179417,0.0028905869,-3.6181905E-4,10599685705500,PICKUP,
0.0018174648,0.0028886795,-3.6123453E-4,10599735705500,PICKUP,
0.0018172264,0.0028877258,-3.600655E-4,10599785705500,PICKUP,
0.0018172264,0.0028886795,-3.600655E-4,10599835705500,PICKUP,
0.0018179417,0.0028905869,-3.6240357E-4,10599885705500,PICKUP,
0.0018174648,0.0028886795,-3.6123453E-4,10599935705500,PICKUP,
0.0018181801,0.0028905869,-3.6240357E-4,10599985705500,PICKUP,
0.0018179417,0.0028886795,-3.6123453E-4,10600035705500,PICKUP,
0.0018184185,0.0028896332,-3.6181905E-4,10600085705500,PICKUP,
0.0018179417,0.0028877258,-3.600655E-4,10600135705500,PICKUP,
0.0018179417,0.0028886795,-3.6123453E-4,10600185705500,PICKUP,
0.0018172264,0.0028877258,-3.600655E-4,10600235705500,PICKUP,
0.0018172264,0.0028886795,-3.6065E-4,10600285705500,PICKUP,
0.0018179417,0.0028896332,-3.6065E-4,10600335705500,PICKUP,
0.0018174648,0.0028877258,-3.600655E-4,10600385705500,PICKUP,
0.0018181801,0.0028905869,-3.6240357E-4,10600435705500,PICKUP,
0.0018174648,0.0028886795,-3.6123453E-4,10600485705500,PICKUP,
0.0018181801,0.0028896332,-3.6181905E-4,10600535705500,PICKUP,
0.0018179417,0.0028886795,-3.6123453E-4,10600585705500,PICKUP,
0.0018179417,0.0028896332,-3.6123453E-4,10600635705500,PICKUP,
0.0018179417,0.0028886795,-3.600655E-4,10600685705500,PICKUP,
0.0018174648,0.0028886795,-3.6065E-4,10600735705500,PICKUP,
0.0018172264,0.0028886795,-3.600655E-4,10600785705500,PICKUP,
0.0018172264,0.0028886795,-3.600655E-4,10600835705500,PICKUP,
0.0018179417,0.0028905869,-3.6240357E-4,10600885705500,PICKUP,
0.0018172264,0.0028886795,-3.6123453E-4,10600935705500,PICKUP,
0.0018181801,0.0028905869,-3.6181905E-4,10600985705500,PICKUP,
0.0018174648,0.0028886795,-3.6123453E-4,10601035705500,PICKUP,
0.0018179417,0.0028905869,-3.6181905E-4,10601085705500,PICKUP,
0.0018179417,0.0028886795,-3.600655E-4,10601135705500,PICKUP,
0.0018184185,0.0028886795,-3.6065E-4,10601185705500,PICKUP,
0.0018179417,0.0028877258,-3.600655E-4,10601235705500,PICKUP,
0.0018174648,0.0028886795,-3.6065E-4,10601285705500,PICKUP,
0.0018172264,0.0028886795,-3.6123453E-4,10601335705500,PICKUP,
0.0018172264,0.0028877258,-3.5948097E-4,10601385705500,PICKUP,
0.0018179417,0.0028905869,-3.6181905E-4,10601435705500,PICKUP,
0.0018174648,0.0028886795,-3.6123453E-4,10601485705500,PICKUP,
0.0018179417,0.0028896332,-3.6181905E-4,10601535705500,PICKUP,
0.0018174648,0.0028886795,-3.6065E-4,10601585705500,PICKUP,
0.0018181801,0.0028896332,-3.6123453E-4,10601635705500,PICKUP,
0.0018179417,0.0028886795,-3.600655E-4,10601685705500,PICKUP,
0.0018174648,0.0028886795,-3.6065E-4,10601735705500,PICKUP,
0.0018179417,0.0028886795,-3.6123453E-4,10601785705500,PICKUP,
0.0018179417,0.0028896332,-3.6181905E-4,10601835705500,PICKUP,
0.0018181801,0.0028896332,-3.6240357E-4,10601885705500,PICKUP,
0.0018179417,0.0028886795,-3.6123453E-4,10601935705500,PICKUP,
0.0018184185,0.0028905869,-3.6357262E-4,10601985705500,PICKUP,
0.0018179417,0.0028886795,-3.6240357E-4,10602035705500,PICKUP,
0.0018184185,0.0028896332,-3.629881E-4,10602085705500,PICKUP,
0.0018181801,0.0028886795,-3.6240357E-4,10602135705500,PICKUP,
0.0018184185,0.0028896332,-3.6240357E-4,10602185705500,PICKUP,
0.0018181801,0.0028877258,-3.6123453E-4,10602235705500,PICKUP,
0.0018184185,0.0028886795,-3.6181905E-4,10602285705500,PICKUP,
0.0018181801,0.0028877258,-3.6123453E-4,10602335705500,PICKUP,
0.0018179417,0.0028886795,-3.6181905E-4,10602385705500,PICKUP,
0.0018184185,0.0028886795,-3.6181905E-4,10602435705500,PICKUP,
0.0018179417,0.0028877258,-3.6065E-4,10602485705500,PICKUP,
0.0018184185,0.0028905869,-3.629881E-4,10602535705500,PICKUP,
0.0018181801,0.0028886795,-3.6240357E-4,10602585705500,PICKUP,
0.0018184185,0.0028896332,-3.629881E-4,10602635705500,PICKUP,
0.0018181801,0.0028886795,-3.6181905E-4,10602685705500,PICKUP,
0.0018184185,0.0028896332,-3.6181905E-4,10602735705500,PICKUP,
0.0018179417,0.0028886795,-3.6123453E-4,10602785705500,PICKUP,
0.0018179417,0.0028886795,-3.6181905E-4,10602835705500,PICKUP,
0.0018184185,0.0028896332,-3.6240357E-4,10602885705500,PICKUP,
0.0018179417,0.0028886795,-3.6123453E-4,10602935705500,PICKUP,
0.0018184185,0.0028886795,-3.6181905E-4,10602985705500,PICKUP,
-0.17650819,-0.30122852,0.13117392,10603035705500,PICKUP,
-0.17584944,-0.30150127,0.12927599,10603085705500,PICKUP,
-0.17518139,-0.3017769,0.1273494,10603135705500,PICKUP,
-0.17450523,-0.30205536,0.12539886,10603185705500,PICKUP,
-0.17382216,-0.3023367,0.123426676,10603235705500,PICKUP,
-0.17313218,-0.30261803,0.12143521,10603285705500,PICKUP,
-0.17243767,-0.30290318,0.1194303,10603335705500,PICKUP,
-0.17173982,-0.30318832,0.11741253,10603385705500,PICKUP,
-0.17103887,-0.30347443,0.115386575,10603435705500,PICKUP,
-0.17033505,-0.30376053,0.11335361,10603485705500,PICKUP,
-0.16963196,-0.30404758,0.111318305,10603535705500,PICKUP,
-0.16892815,-0.30433178,0.10928125,10603585705500,PICKUP,
-0.168226,-0.30461693,0.107247695,10603635705500,PICKUP,
-0.1675241,-0.30490017,0.10521648,10603685705500,PICKUP,
-0.16682577,-0.30518246,0.103192866,10603735705500,PICKUP,
-0.16613007,-0.30546284,0.10117802,10603785705500,PICKUP,
0.15038013,0.12039089,-0.25063676,10603835705500,PICKUP,
0.14789176,0.12140274,-0.24334425,10603885705500,PICKUP,
0.14547634,0.122392654,-0.23625283,10603935705500,PICKUP,
0.14312935,0.12335682,-0.22935489,10603985705500,PICKUP,
0.14085007,0.12429905,-0.22264867,10604035705500,PICKUP,
0.13863802,0.12522125,-0.21613124,10604085705500,PICKUP,
0.13649082,0.12612057,-0.20979679,10604135705500,PICKUP,
0.13440657,0.1269989,-0.20364293,10604185705500,PICKUP,
0.13238406,0.12785625,-0.19766562,10604235705500,PICKUP,
0.13042068,0.12869072,-0.19185606,10604285705500,PICKUP,
0.12851691,0.12950706,-0.1862166,10604335705500,PICKUP,
0.12666821,0.13030052,-0.18073669,10604385705500,PICKUP,
0.12487507,0.1310749,-0.17541812,10604435705500,PICKUP,
0.123135805,0.13182926,-0.17025329,10604485705500,PICKUP,
0.12144899,0.13256645,-0.16523926,10604535705500,PICKUP,
0.11981225,0.13328266,-0.16037253,10604585705500,PICKUP,
0.052275896,-0.6683693,-0.8245374,10604635705500,PICKUP,
0.048194647,-0.6665497,-0.8123536,10604685705500,PICKUP,
0.04411006,-0.66471195,-0.8001377,10604735705500,PICKUP,
0.040026426,-0.6628561,-0.7879019,10604785705500,PICKUP,
0.035948515,-0.6609812,-0.7756626,10604835705500,PICKUP,
0.03187847,-0.6590948,-0.76342446,10604885705500,PICKUP,
0.027820587,-0.6571903,-0.7512009,10604935705500,PICKUP,
0.023777246,-0.65527725,-0.7389996,10604985705500,PICKUP,
0.01975131,-0.6533518,-0.7268311,10605035705500,PICKUP,
0.015746117,-0.6514187,-0.714704,10605085705500,PICKUP,
0.011765957,-0.64947605,-0.7026295,10605135705500,PICKUP,
0.007810831,-0.6475296,-0.6906094,10605185705500,PICKUP,
0.0038833618,-0.6455784,-0.6786553,10605235705500,PICKUP,
-1.2397766E-5,-0.6436205,-0.6667755,10605285705500,PICKUP,
-0.003877163,-0.6416645,-0.6549711,10605335705500,PICKUP,
-0.007707119,-0.6397085,-0.6432526,10605385705500,PICKUP,
0.18086886,-0.06597328,-0.5195825,10605435705500,PICKUP,
0.1721189,-0.06131935,-0.4923531,10605485705500,PICKUP,
0.16407204,-0.056955338,-0.4672175,10605535705500,PICKUP,
0.15664434,-0.05285263,-0.44393483,10605585705500,PICKUP,
0.14976454,-0.048986435,-0.42230576,10605635705500,PICKUP,
0.1433711,-0.04534149,-0.40215144,10605685705500,PICKUP,
0.1374116,-0.041894913,-0.383324,10605735705500,PICKUP,
0.1318438,-0.038633347,-0.36569598,10605785705500,PICKUP,
0.12662864,-0.03554058,-0.34915635,10605835705500,PICKUP,
0.121730566,-0.03260517,-0.33360106,10605885705500,PICKUP,
0.117126465,-0.029812813,-0.31895527,10605935705500,PICKUP,
0.11278725,-0.02715683,-0.3051331,10605985705500,PICKUP,
0.10869098,-0.02462864,-0.29207313,10606035705500,PICKUP,
0.1048193,-0.022215843,-0.2797175,10606085705500,PICKUP,
0.1011529,-0.019913673,-0.26800835,10606135705500,PICKUP,
0.09767604,-0.017717361,-0.25689775,10606185705500,PICKUP,
0.13810039,1.1504192,0.85656655,10606235705500,PICKUP,
0.1406753,1.1488037,0.8484552,10606285705500,PICKUP,
0.14328551,1.1471777,0.84024024,10606335705500,PICKUP,
0.14592528,1.1455374,0.8319354,10606385705500,PICKUP,
0.14859557,1.1438923,0.8235388,10606435705500,PICKUP,
0.1512909,1.1422358,0.81506896,10606485705500,PICKUP,
0.15401196,1.1405764,0.806528,10606535705500,PICKUP,
0.15675378,1.1389132,0.797925,10606585705500,PICKUP,
0.15951657,1.137248,0.7892647,10606635705500,PICKUP,
0.1622963,1.1355829,0.7805588,10606685705500,PICKUP,
0.16509151,1.1339178,0.7718127,10606735705500,PICKUP,
0.16789842,1.1322565,0.76303256,10606785705500,PICKUP,
0.17071724,1.1305962,0.7542273,10606835705500,PICKUP,
0.17354631,1.1289434,0.74539924,10606885705500,PICKUP,
0.1763823,1.1272955,0.7365578,10606935705500,PICKUP,
0.17922282,1.1256533,0.7277099,10606985705500,PICKUP,
-0.123690605,0.06401348,0.3824182,10607035705500,PICKUP,
-0.11500621,0.059126854,0.35430562,10607085705500,PICKUP,
-0.10721421,0.054836273,0.3293816,10607135705500,PICKUP,
-0.100182295,0.051039696,0.30711424,10607185705500,PICKUP,
-0.09380555,0.047655106,0.28709143,10607235705500,PICKUP,
-0.087994576,0.044617653,0.26897594,10607285705500,PICKUP,
-0.082675934,0.041877747,0.25250003,10607335705500,PICKUP,
-0.077789545,0.03939247,0.23744331,10607385705500,PICKUP,
-0.07328558,0.03712845,0.22363107,10607435705500,PICKUP,
-0.069120646,0.035057068,0.21091011,10607485705500,PICKUP,
-0.06525779,0.033154488,0.19915538,10607535705500,PICKUP,
-0.061665535,0.031401634,0.18825755,10607585705500,PICKUP,
-0.058317184,0.029784203,0.1781278,10607635705500,PICKUP,
-0.055188894,0.028284073,0.16868952,10607685705500,PICKUP,
-0.052262068,0.026887894,0.15987785,10607735705500,PICKUP,
-0.049516678,0.025590897,0.15162908,10607785705500,PICKUP,
-0.046938896,0.02437973,0.14389761,10607835705500,PICKUP,
-0.04451418,0.023247719,0.13663784,10607885705500,PICKUP,
-0.04222989,0.022188187,0.12980945,10607935705500,PICKUP,
-0.040075302,0.021195412,0.123377375,10607985705500,PICKUP,
-0.038043022,0.020258904,0.11731647,10608035705500,PICKUP,
-0.03612113,0.019381523,0.11159283,10608085705500,PICKUP,
-0.034303665,0.018555641,0.10618308,10608135705500,PICKUP,
-0.03258252,0.017777443,0.10106676,10608185705500,PICKUP,
-0.030951977,0.017041206,0.096225165,10608235705500,PICKUP,
-0.029405594,0.016347885,0.091636084,10608285705500,PICKUP,
-0.027938604,0.01568985,0.08728724,10608335705500,PICKUP,
-0.026546001,0.015070915,0.08315876,10608385705500,PICKUP,
-0.025223255,0.014482498,0.07924305,10608435705500,PICKUP,
-0.023966074,0.013925552,0.07552315,10608485705500,PICKUP,
-0.022770882,0.0133981705,0.071987376,10608535705500,PICKUP,
-0.02163434,0.012897491,0.068627544,10608585705500,PICKUP,
-0.09473276,-1.9058118,-1.7434428,10608635705500,PICKUP,
-0.09678602,-1.904902,-1.7373351,10608685705500,PICKUP,
-0.098911524,-1.9039559,-1.7310041,10608735705500,PICKUP,
-0.101107836,-1.9029717,-1.7244587,10608785705500,PICKUP,
-0.10337305,-1.9019513,-1.7176981,10608835705500,PICKUP,
-0.105706215,-1.9008927,-1.7107306,10608885705500,PICKUP,
-0.10810661,-1.8998008,-1.7035544,10608935705500,PICKUP,
-0.110571384,-1.8986707,-1.6961771,10608985705500,PICKUP,
-0.11310005,-1.8975043,-1.6886029,10609035705500,PICKUP,
-0.11569047,-1.8963017,-1.6808335,10609085705500,PICKUP,
-0.11834121,-1.8950629,-1.6728746,10609135705500,PICKUP,
-0.121050835,-1.8937888,-1.6647304,10609185705500,PICKUP,
-0.12381697,-1.8924785,-1.6564051,10609235705500,PICKUP,
-0.12663865,-1.8911319,-1.647902,10609285705500,PICKUP,
-0.12951493,-1.8897529,-1.6392237,10609335705500,PICKUP,
-0.13244319,-1.8883357,-1.6303799,10609385705500,PICKUP,
-0.056869984,0.029089928,0.17388883,10609435705500,PICKUP,
-0.05289173,0.027186394,0.1617378,10609485705500,PICKUP,
-0.049315214,0.025492668,0.15086861,10609535705500,PICKUP,
-0.046080828,0.023975372,0.14108312,10609585705500,PICKUP,
-0.043141127,0.022605896,0.13222235,10609635705500,PICKUP,
-0.04045558,0.02136612,0.12415537,10609685705500,PICKUP,
-0.037993908,0.020233154,0.11678222,10609735705500,PICKUP,
-0.03572774,0.019198418,0.110009946,10609785705500,PICKUP,
-0.03363347,0.018248558,0.103767835,10609835705500,PICKUP,
-0.03169465,0.017370224,0.097999185,10609885705500,PICKUP,
-0.029892206,0.016560555,0.09264614,10609935705500,PICKUP,
-0.028212547,0.015810966,0.08766659,10609985705500,PICKUP,
-0.026646376,0.01511097,0.083030164,10610035705500,PICKUP,
-0.025180578,0.014458656,0.07869535,10610085705500,PICKUP,
-0.023806334,0.013851166,0.07463702,10610135705500,PICKUP,
-0.022516489,0.013282776,0.07083061,10610185705500,PICKUP,
-0.021303415,0.012747765,0.06725626,10610235705500,PICKUP,
-0.02016139,0.012248039,0.063893504,10610285705500,PICKUP,
-0.019084692,0.011776924,0.06072598,10610335705500,PICKUP,
-0.018068075,0.011334419,0.057736736,10610385705500,PICKUP,
-0.017107725,0.01091671,0.05491525,10610435705500,PICKUP,
-0.016200066,0.010521889,0.052249826,10610485705500,PICKUP,
-0.01534009,0.010150909,0.04972528,10610535705500,PICKUP,
-0.014525652,0.00979805,0.047336336,10610585705500,PICKUP,
1.5425682E-4,0.0035800934,0.0044815294,10613035705500,PUTDOWN,
2.2912025E-4,0.0035467148,0.004264672,10613085705500,PUTDOWN,
3.0112267E-4,0.0035181046,0.0040548285,10613135705500,PUTDOWN,
3.6931038E-4,0.0034894943,0.003856091,10613185705500,PUTDOWN,
4.3463707E-4,0.0034618378,0.0036661213,10613235705500,PUTDOWN,
4.968643E-4,0.0034360886,0.0034849197,10613285705500,PUTDOWN,
5.569458E-4,0.0034132004,0.003309563,10613335705500,PUTDOWN,
6.136894E-4,0.0033874512,0.0031458968,10613385705500,PUTDOWN,
6.67572E-4,0.003364563,0.0029880758,10613435705500,PUTDOWN,
7.200241E-4,0.0033445358,0.0028361003,10613485705500,PUTDOWN,
7.698536E-4,0.003323555,0.0026923078,10613535705500,PUTDOWN,
8.1658363E-4,0.0033025742,0.0025555298,10613585705500,PUTDOWN,
8.621216E-4,0.003285408,0.0024234278,10613635705500,PUTDOWN,
9.0551376E-4,0.0032672882,0.0022971712,10613685705500,PUTDOWN,
9.4628334E-4,0.003250122,0.0021767595,10613735705500,PUTDOWN,
9.860992E-4,0.0032348633,0.0020610243,10613785705500,PUTDOWN,
0.001023531,0.0032176971,0.0019528876,10613835705500,PUTDOWN,
0.0010590553,0.0032024384,0.0018482582,10613885705500,PUTDOWN,
0.001093626,0.0031900406,0.001748305,10613935705500,PUTDOWN,
0.001126051,0.0031747818,0.0016547815,10613985705500,PUTDOWN,
0.001157999,0.0031633377,0.0015630116,10614035705500,PUTDOWN,
0.0011878014,0.0031499863,0.0014765023,10614085705500,PUTDOWN,
0.0012156963,0.0031366348,0.0013952538,10614135705500,PUTDOWN,
0.0012433529,0.003127098,0.0013145898,10614185705500,PUTDOWN,
0.0012698174,0.0031166077,0.0012374328,10614235705500,PUTDOWN,
0.001294136,0.0031061172,0.0011672903,10614285705500,PUTDOWN,
0.0013175011,0.0030956268,0.0010983166,10614335705500,PUTDOWN,
0.0013406277,0.0030870438,0.0010316812,10614385705500,PUTDOWN,
0.0013625622,0.003077507,9.685528E-4,10614435705500,PUTDOWN,
0.0013830662,0.003068924,9.0893154E-4,10614485705500,PUTDOWN,
0.0014028549,0.0030603409,8.516484E-4,10614535705500,PUTDOWN,
0.0014214516,0.0030527115,7.9728785E-4,10614585705500,PUTDOWN,
0.0014400482,0.0030469894,7.429273E-4,10614635705500,PUTDOWN,
0.0014572144,0.0030384064,6.938275E-4,10614685705500,PUTDOWN,
0.00147295,0.0030317307,6.4706575E-4,10614735705500,PUTDOWN,
0.0014886856,0.0030241013,6.0205755E-4,10614785705500,PUTDOWN,
0.0015034676,0.0030183792,5.588029E-4,10614835705500,PUTDOWN,
0.0015172958,0.0030126572,5.167174E-4,10614885705500,PUTDOWN,
0.0015313625,0.0030078888,4.752163E-4,10614935705500,PUTDOWN,
0.0015437603,0.003001213,4.3897596E-4,10614985705500,PUTDOWN,
0.0015561581,0.0029964447,4.0273558E-4,10615035705500,PUTDOWN,
0.0015685558,0.00299263,3.6649522E-4,10615085705500,PUTDOWN,
0.0015792847,0.002986908,3.3551556E-4,10615135705500,PUTDOWN,
0.0015904903,0.002984047,3.0278234E-4,10615185705500,PUTDOWN,
0.0016005039,0.0029773712,2.753098E-4,10615235705500,PUTDOWN,
0.0016109943,0.0029745102,2.4491467E-4,10615285705500,PUTDOWN,
0.0016202927,0.0029706955,2.1744215E-4,10615335705500,PUTDOWN,
0.001629591,0.0029659271,1.9113866E-4,10615385705500,PUTDOWN,
0.0016384125,0.0029640198,1.6600422E-4,10615435705500,PUTDOWN,
0.0016469955,0.0029592514,1.4203881E-4,10615485705500,PUTDOWN,
0.0016548634,0.0029563904,1.1982699E-4,10615535705500,PUTDOWN,
0.0016620159,0.0029535294,9.819968E-5,10615585705500,PUTDOWN,
0.0016694069,0.002951622,7.5987846E-5,10615635705500,PUTDOWN,
0.0016758442,0.0029468536,5.7867666E-5,10615685705500,PUTDOWN,
0.0016822815,0.0029449463,3.9162966E-5,10615735705500,PUTDOWN,
0.0016880035,0.0029411316,2.1042788E-5,10615785705500,PUTDOWN,
0.0016944408,0.0029411316,2.3380876E-6,10615835705500,PUTDOWN,
0.001699686,0.002937317,-1.2859482E-5,10615885705500,PUTDOWN,
0.0017056465,0.0029354095,-2.9226096E-5,10615935705500,PUTDOWN,
0.0017108917,0.0029335022,-4.4423665E-5,10615985705500,PUTDOWN,
0.0017156601,0.0029315948,-5.9036713E-5,10616035705500,PUTDOWN,
0.00172019,0.0029287338,-7.248072E-5,10616085705500,PUTDOWN,
0.0017254353,0.0029277802,-8.6509244E-5,10616135705500,PUTDOWN,
0.0017290115,0.0029249191,-9.819968E-5,10616185705500,PUTDOWN,
0.0017337799,0.0029239655,-1.1105916E-4,10616235705500,PUTDOWN,
0.0017375946,0.002922058,-1.227496E-4,10616285705500,PUTDOWN,
0.0017411709,0.0029201508,-1.3385552E-4,10616335705500,PUTDOWN,
0.0017447472,0.002919197,-1.437924E-4,10616385705500,PUTDOWN,
0.0017485619,0.0029182434,-1.548983E-4,10616435705500,PUTDOWN,
0.0017518997,0.002916336,-1.6425065E-4,10616485705500,PUTDOWN,
0.0017547607,0.0029144287,-1.7184943E-4,10616535705500,PUTDOWN,
0.0017576218,0.0029144287,-1.8120179E-4,10616585705500,PUTDOWN,
0.26202822,1.5851336,0.99199724,10616635705500,PUTDOWN,
0.26357603,1.5844955,0.98749757,10616685705500,PUTDOWN,
0.26517463,1.5838404,0.9828512,10616735705500,PUTDOWN,
0.2668221,1.5831671,0.9780669,10616785705500,PUTDOWN,
0.26851606,1.5824785,0.97314286,10616835705500,PUTDOWN,
0.2702558,1.5817747,0.9680897,10616885705500,PUTDOWN,
0.27204037,1.5810556,0.96291023,10616935705500,PUTDOWN,
0.2738676,1.5803223,0.9576063,10616985705500,PUTDOWN,
0.27573633,1.5795774,0.95218486,10617035705500,PUTDOWN,
0.27764583,1.5788212,0.94665,10617085705500,PUTDOWN,
0.2795925,1.5780497,0.9410094,10617135705500,PUTDOWN,
0.28157616,1.5772705,0.9352647,10617185705500,PUTDOWN,
0.2835951,1.5764818,0.92942005,10617235705500,PUTDOWN,
0.28564763,1.5756845,0.9234819,10617285705500,PUTDOWN,
0.28773212,1.5748787,0.9174555,10617335705500,PUTDOWN,
0.28984737,1.5740662,0.9113461,10617385705500,PUTDOWN,
0.028985739,-0.007968903,-0.07925942,10617435705500,PUTDOWN,
0.027125359,-0.0072488785,-0.07396306,10617485705500,PUTDOWN,
0.025454998,-0.0065994263,-0.06919512,10617535705500,PUTDOWN,
0.023946047,-0.006011963,-0.06487726,10617585705500,PUTDOWN,
0.022577047,-0.0054750443,-0.060949266,10617635705500,PUTDOWN,
0.021327496,-0.0049858093,-0.057356212,10617685705500,PUTDOWN,
0.020182371,-0.0045337677,-0.05405834,10617735705500,PUTDOWN,
0.019129038,-0.004117012,-0.051018827,10617785705500,PUTDOWN,
0.018156052,-0.0037326813,-0.048207276,10617835705500,PUTDOWN,
0.017255545,-0.0033740997,-0.045602646,10617885705500,PUTDOWN,
0.016419172,-0.003042221,-0.043177463,10617935705500,PUTDOWN,
0.015640974,-0.0027303696,-0.040920626,10617985705500,PUTDOWN,
0.014914036,-0.0024404526,-0.038809333,10618035705500,PUTDOWN,
0.014234304,-0.0021686554,-0.036833648,10618085705500,PUTDOWN,
0.013597727,-0.001912117,-0.03498188,10618135705500,PUTDOWN,
0.01300025,-0.0016736984,-0.033241175,10618185705500,PUTDOWN,
0.012439251,-0.0014467239,-0.031605683,10618235705500,PUTDOWN,
0.011910439,-0.0012340546,-0.03006313,10618285705500,PUTDOWN,
0.011412144,-0.0010328293,-0.02860767,10618335705500,PUTDOWN,
0.010942936,-8.430481E-4,-0.027235799,10618385705500,PUTDOWN,
0.0019118786,0.0028505325,-6.3303724E-4,10623335705500,PICKUP,
0.0019078255,0.0028524399,-6.2076224E-4,10623385705500,PICKUP,
0.0019040108,0.0028533936,-6.090718E-4,10623435705500,PICKUP,
0.0018997192,0.0028543472,-5.973814E-4,10623485705500,PICKUP,
0.001896143,0.0028562546,-5.8686E-4,10623535705500,PICKUP,
0.0018932819,0.002858162,-5.786767E-4,10623585705500,PICKUP,
0.0018899441,0.0028600693,-5.6873984E-4,10623635705500,PICKUP,
0.0018868446,0.002861023,-5.582184E-4,10623685705500,PICKUP,
0.0018839836,0.002861023,-5.500351E-4,10623735705500,PICKUP,
0.0018808842,0.0028629303,-5.418518E-4,10623785705500,PICKUP,
0.0018777847,0.002863884,-5.336685E-4,10623835705500,PICKUP,
0.001875639,0.0028657913,-5.2665424E-4,10623885705500,PICKUP,
0.0018734932,0.0028657913,-5.1847094E-4,10623935705500,PICKUP,
0.001871109,0.002866745,-5.120412E-4,10623985705500,PICKUP,
0.0018687248,0.0028676987,-5.056114E-4,10624035705500,PICKUP,
0.0018661022,0.0028686523,-4.9859716E-4,10624085705500,PICKUP,
0.0018646717,0.0028705597,-4.93921E-4,10624135705500,PICKUP,
0.0018620491,0.002869606,-4.857377E-4,10624185705500,PICKUP,
0.0018606186,0.0028715134,-4.8106152E-4,10624235705500,PICKUP,
0.0018584728,0.002872467,-4.7638535E-4,10624285705500,PICKUP,
0.001856327,0.002872467,-4.7112466E-4,10624335705500,PICKUP,
0.0018553734,0.0028734207,-4.664485E-4,10624385705500,PICKUP,
0.0018532276,0.0028734207,-4.617723E-4,10624435705500,PICKUP,
0.0018517971,0.0028743744,-4.5709612E-4,10624485705500,PICKUP,
0.0018498898,0.002875328,-4.5183543E-4,10624535705500,PICKUP,
0.0018491745,0.0028762817,-4.4891282E-4,10624585705500,PICKUP,
0.0018472672,0.0028762817,-4.4423665E-4,10624635705500,PICKUP,
0.0018465519,0.0028772354,-4.4131404E-4,10624685705500,PICKUP,
0.0018451214,0.0028772354,-4.3663787E-4,10624735705500,PICKUP,
0.0018434525,0.002878189,-4.3371523E-4,10624785705500,PICKUP,
0.0018429756,0.0028791428,-4.3196167E-4,10624835705500,PICKUP,
0.0018413067,0.0028791428,-4.2787002E-4,10624885705500,PICKUP,
0.0018401146,0.0028791428,-4.2494742E-4,10624935705500,PICKUP,
0.0018389225,0.0028791428,-4.214403E-4,10624985705500,PICKUP,
0.0018382072,0.0028791428,-4.1851768E-4,10625035705500,PICKUP,
0.0018377304,0.00288105,-4.1734864E-4,10625085705500,PICKUP,
0.0018372536,0.0028820038,-4.1559507E-4,10625135705500,PICKUP,
0.0018362999,0.00288105,-4.13257E-4,10625185705500,PICKUP,
0.0018353462,0.00288105,-4.1033438E-4,10625235705500,PICKUP,
0.0018353462,0.0028820038,-4.0916534E-4,10625285705500,PICKUP,
0.0018343925,0.00288105,-4.0624273E-4,10625335705500,PICKUP,
0.0018341541,0.0028829575,-4.050737E-4,10625385705500,PICKUP,
0.0018336773,0.0028829575,-4.0156653E-4,10625435705500,PICKUP,
0.001832962,0.0028820038,-3.9922845E-4,10625485705500,PICKUP,
0.0018324852,0.0028829575,-3.9747488E-4,10625535705500,PICKUP,
0.0018315315,0.0028829575,-3.9689036E-4,10625585705500,PICKUP,
0.0018310547,0.0028829575,-3.951368E-4,10625635705500,PICKUP,
0.0018308163,0.0028839111,-3.9338323E-4,10625685705500,PICKUP,
0.0018298626,0.0028839111,-3.927987E-4,10625735705500,PICKUP,
0.0018296242,0.0028839111,-3.9162967E-4,10625785705500,PICKUP,
0.0018289089,0.0028848648,-3.9046063E-4,10625835705500,PICKUP,
0.0018284321,0.0028829575,-3.8753802E-4,10625885705500,PICKUP,
0.0018277168,0.0028839111,-3.8636898E-4,10625935705500,PICKUP,
0.0018277168,0.0028848648,-3.869535E-4,10625985705500,PICKUP,
0.0018277168,0.0028839111,-3.8519994E-4,10626035705500,PICKUP,
0.0018277168,0.0028858185,-3.8578446E-4,10626085705500,PICKUP,
0.0018277168,0.0028848648,-3.8519994E-4,10626135705500,PICKUP,
0.0018270016,0.0028839111,-3.8344637E-4,10626185705500,PICKUP,
0.00182724,0.0028858185,-3.840309E-4,10626235705500,PICKUP,
0.0018265247,0.0028848648,-3.8227733E-4,10626285705500,PICKUP,
0.0018260479,0.0028848648,-3.816928E-4,10626335705500,PICKUP,
0.0018262863,0.0028858185,-3.8227733E-4,10626385705500,PICKUP,
0.0018260479,0.0028858185,-3.8052376E-4,10626435705500,PICKUP,
0.0018260479,0.0028867722,-3.816928E-4,10626485705500,PICKUP,
0.0018253326,0.0028839111,-3.7818568E-4,10626535705500,PICKUP,
0.0018253326,0.0028858185,-3.787702E-4,10626585705500,PICKUP,
0.0018253326,0.0028867722,-3.7935472E-4,10626635705500,PICKUP,
0.0018253326,0.0028858185,-3.787702E-4,10626685705500,PICKUP,
0.0018248558,0.0028858185,-3.7701664E-4,10626735705500,PICKUP,
0.0018250942,0.0028867722,-3.7760116E-4,10626785705500,PICKUP,
0.0018250942,0.0028858185,-3.7701664E-4,10626835705500,PICKUP,
0.0018248558,0.0028848648,-3.7526307E-4,10626885705500,PICKUP,
0.0018250942,0.0028858185,-3.758476E-4,10626935705500,PICKUP,
0.0018248558,0.0028858185,-3.7526307E-4,10626985705500,PICKUP,
0.16473436,1.1076479,0.739621,10627035705500,PICKUP,
0.16642141,1.1069546,0.7347116,10627085705500,PICKUP,
0.16815567,1.1062431,0.729666,10627135705500,PICKUP,
0.16993594,1.1055183,0.7244883,10627185705500,PICKUP,
0.17175913,1.1047764,0.71918726,10627235705500,PICKUP,
0.17362428,1.104023,0.71376526,10627285705500,PICKUP,
0.17552972,1.1032591,0.70823157,10627335705500,PICKUP,
0.17747211,1.1024828,0.70259213,10627385705500,PICKUP,
0.17945027,1.101696,0.6968533,10627435705500,PICKUP,
0.18146133,1.1009007,0.6910203,10627485705500,PICKUP,
0.18350387,1.1000957,0.68510205,10627535705500,PICKUP,
0.18557549,1.0992851,0.67910254,10627585705500,PICKUP,
0.18767452,1.0984678,0.67302877,10627635705500,PICKUP,
0.1897986,1.0976458,0.66688603,10627685705500,PICKUP,
0.19194674,1.0968199,0.6606796,10627735705500,PICKUP,
0.1941154,1.0959911,0.6544182,10627785705500,PICKUP,
0.033162832,-0.55836487,-0.6620449,10627835705500,PICKUP,
0.029286146,-0.5568638,-0.65076244,10627885705500,PICKUP,
0.025434017,-0.5553522,-0.6395291,10627935705500,PICKUP,
0.021606922,-0.5538397,-0.62834543,10627985705500,PICKUP,
0.01780796,-0.5523224,-0.6172255,10628035705500,PICKUP,
0.014040232,-0.55080223,-0.60617626,10628085705500,PICKUP,
0.010304928,-0.54928017,-0.5952007,10628135705500,PICKUP,
0.0066053867,-0.5477581,-0.5843099,10628185705500,PICKUP,
0.0029437542,-0.5462332,-0.5735103,10628235705500,PICKUP,
-6.804466E-4,-0.54471207,-0.56280243,10628285705500,PICKUP,
-0.004264593,-0.5431948,-0.55219275,10628335705500,PICKUP,
-0.0078082085,-0.54168034,-0.5416883,10628385705500,PICKUP,
-0.011309385,-0.5401697,-0.531292,10628435705500,PICKUP,
-0.014766455,-0.5386658,-0.52100736,10628485705500,PICKUP,
-0.018179178,-0.5371666,-0.5108402,10628535705500,PICKUP,
-0.021546602,-0.5356741,-0.5007905,10628585705500,PICKUP,
-0.023673058,0.013804436,0.07581951,10628635705500,PICKUP,
-0.021831274,0.012991905,0.07018939,10628685705500,PICKUP,
-0.020195007,0.012270927,0.06520692,10628735705500,PICKUP,
-0.018729448,0.011629105,0.0607593,10628785705500,PICKUP,
-0.017409086,0.011054039,0.056762923,10628835705500,PICKUP,
-0.01621294,0.010533333,0.053151745,10628885705500,PICKUP,
-0.015122652,0.010061264,0.04986907,10628935705500,PICKUP,
-0.014126062,0.009628296,0.046873394,10628985705500,PICKUP,
-0.01320982,0.009235382,0.04412322,10629035705500,PICKUP,
-0.01236558,0.0088710785,0.04159341,10629085705500,PICKUP,
-0.0115840435,0.008535385,0.039255906,10629135705500,PICKUP,
-0.010858774,0.008225441,0.0370885,10629185705500,PICKUP,
-0.010184765,0.007935524,0.03507716,10629235705500,PICKUP,
-0.009554625,0.0076675415,0.03320026,10629285705500,PICKUP,
-0.008966684,0.007416725,0.0314502,10629335705500,PICKUP,
-0.008415461,0.007183075,0.029811786,10629385705500,PICKUP,
-0.007899284,0.006962776,0.028277416,10629435705500,PICKUP,
-0.0074133873,0.006757736,0.0268354,10629485705500,PICKUP,
0.0018162727,0.0028896332,-3.5655836E-4,10638085705500,PUTDOWN,
0.0018167496,0.0028896332,-3.5714288E-4,10638135705500,PUTDOWN,
0.001816988,0.0028905869,-3.577274E-4,10638185705500,PUTDOWN,
0.0018167496,0.0028886795,-3.5655836E-4,10638235705500,PUTDOWN,
0.0018162727,0.0028886795,-3.5714288E-4,10638285705500,PUTDOWN,
0.0018167496,0.0028886795,-3.5714288E-4,10638335705500,PUTDOWN,
0.0018162727,0.0028886795,-3.5831193E-4,10638385705500,PUTDOWN,
0.0018162727,0.0028896332,-3.5889645E-4,10638435705500,PUTDOWN,
0.0018167496,0.0028896332,-3.5889645E-4,10638485705500,PUTDOWN,
0.001816988,0.0028905869,-3.5948097E-4,10638535705500,PUTDOWN,
0.0018162727,0.0028886795,-3.5831193E-4,10638585705500,PUTDOWN,
0.0018172264,0.0028905869,-3.6065E-4,10638635705500,PUTDOWN,
0.0018167496,0.0028886795,-3.5948097E-4,10638685705500,PUTDOWN,
0.0018167496,0.0028886795,-3.600655E-4,10638735705500,PUTDOWN,
0.0018167496,0.0028896332,-3.6065E-4,10638785705500,PUTDOWN,
0.001816988,0.0028896332,-3.6123453E-4,10638835705500,PUTDOWN,
0.0018167496,0.0028886795,-3.600655E-4,10638885705500,PUTDOWN,
0.0018167496,0.0028886795,-3.6065E-4,10638935705500,PUTDOWN,
0.0018167496,0.0028886795,-3.6123453E-4,10638985705500,PUTDOWN,
0.0018167496,0.0028896332,-3.6123453E-4,106390357055