6.2582205E-4,-0.37705344,9.799399,10521335705500,OTHER,
6.258403E-4,-0.3770535,9.799399,10521385705500,OTHER,
6.258403E-4,-0.37705344,9.799399,10521435705500,OTHER,
6.2585855E-4,-0.3770535,9.799399,10521485705500,OTHER,
6.258403E-4,-0.37705344,9.799399,10521535705500,OTHER,
6.2585855E-4,-0.3770535,9.799399,10521585705500,OTHER,
6.2585855E-4,-0.37705344,9.799399,10521635705500,OTHER,
6.258768E-4,-0.3770535,9.799399,10521685705500,OTHER,
6.2585855E-4,-0.37705344,9.799399,10521735705500,OTHER,
6.258768E-4,-0.3770535,9.799399,10521785705500,OTHER,
6.258768E-4,-0.3770534,9.799399,10521835705500,OTHER,
6.258768E-4,-0.37705344,9.799399,10521885705500,OTHER,
6.258768E-4,-0.37705344,9.799399,10521935705500,OTHER,
6.2585855E-4,-0.37705344,9.799399,10521985705500,OTHER,
6.258768E-4,-0.37705344,9.799398,10522035705500,OTHER,
6.2585855E-4,-0.37705344,9.799398,10522085705500,OTHER,
6.258768E-4,-0.37705344,9.799398,10522135705500,OTHER,
6.258768E-4,-0.37705344,9.799398,10522185705500,OTHER,
6.258768E-4,-0.3770534,9.799398,10522235705500,OTHER,
6.258768E-4,-0.37705344,9.799398,10522285705500,OTHER,
6.258768E-4,-0.3770534,9.799398,10522335705500,OTHER,
6.258768E-4,-0.37705344,9.799398,10522385705500,OTHER,
6.258768E-4,-0.3770534,9.799398,10522435705500,OTHER,
6.258768E-4,-0.37705338,9.799398,10522485705500,OTHER,
6.258768E-4,-0.37705338,9.799398,10522535705500,OTHER,
6.258768E-4,-0.37705344,9.799398,10522585705500,OTHER,
6.258768E-4,-0.37705338,9.799398,10522635705500,OTHER,
6.258768E-4,-0.37705344,9.799398,10522685705500,OTHER,
6.258768E-4,-0.37705338,9.799398,10522735705500,OTHER,
6.258768E-4,-0.37705344,9.799398,10522785705500,OTHER,
6.258768E-4,-0.37705338,9.799398,10522835705500,OTHER,
6.258768E-4,-0.37705344,9.799398,10522885705500,OTHER,
6.258768E-4,-0.37705338,9.799398,10522935705500,OTHER,
6.258768E-4,-0.37705344,9.799398,10522985705500,OTHER,
6.258768E-4,-0.3770534,9.799398,10523035705500,OTHER,
6.258768E-4,-0.37705344,9.799398,10523085705500,OTHER,
6.258951E-4,-0.37705338,9.799398,10523135705500,OTHER,
6.258951E-4,-0.37705335,9.799398,10523185705500,OTHER,
6.258768E-4,-0.37705338,9.799398,10523235705500,OTHER,
6.258768E-4,-0.37705344,9.799398,10523285705500,OTHER,
6.258768E-4,-0.37705338,9.799398,10523335705500,OTHER,
6.258768E-4,-0.3770534,9.799399,10523385705500,OTHER,
6.258768E-4,-0.37705338,9.799399,10523435705500,OTHER,
6.258768E-4,-0.3770534,9.799399,10523485705500,OTHER,
6.258768E-4,-0.37705338,9.799399,10523535705500,OTHER,
6.258768E-4,-0.3770534,9.799399,10523585705500,OTHER,
6.258768E-4,-0.37705338,9.799399,10523635705500,OTHER,
6.258768E-4,-0.3770534,9.799399,10523685705500,OTHER,
6.258768E-4,-0.37705338,9.799399,10523735705500,OTHER,
6.258768E-4,-0.3770533,9.799399,10523785705500,OTHER,
6.258768E-4,-0.37705338,9.799399,10523835705500,OTHER,
6.258768E-4,-0.3770533,9.799399,10523885705500,OTHER,
6.258768E-4,-0.37705338,9.799399,10523935705500,OTHER,
6.258768E-4,-0.3770533,9.799399,10523985705500,OTHER,
6.258768E-4,-0.37705338,9.799399,10524035705500,OTHER,
6.258951E-4,-0.3770534,9.799399,10524085705500,OTHER,
6.258951E-4,-0.37705338,9.799399,10524135705500,OTHER,
6.258951E-4,-0.3770534,9.799399,10524185705500,OTHER,
6.258951E-4,-0.37705338,9.799399,10524235705500,OTHER,
6.258951E-4,-0.3770534,9.799399,10524285705500,OTHER,
6.258951E-4,-0.37705338,9.799399,10524335705500,OTHER,
6.258768E-4,-0.3770533,9.799399,10524385705500,OTHER,
6.258951E-4,-0.37705338,9.799399,10524435705500,OTHER,
6.258951E-4,-0.3770533,9.799399,10524485705500,OTHER,
6.258951E-4,-0.37705338,9.799398,10524535705500,OTHER,
6.258951E-4,-0.3770533,9.799398,10524585705500,OTHER,
6.258951E-4,-0.37705338,9.799398,10524635705500,OTHER,
6.259134E-4,-0.3770533,9.799398,10524685705500,OTHER,
6.259134E-4,-0.37705335,9.799398,10524735705500,OTHER,
6.259134E-4,-0.3770533,9.799398,10524785705500,OTHER,
6.259134E-4,-0.3770533,9.799398,10524835705500,OTHER,
6.259134E-4,-0.37705338,9.799398,10524885705500,OTHER,
6.259134E-4,-0.3770533,9.799398,10524935705500,OTHER,
6.259134E-4,-0.37705338,9.799398,10524985705500,OTHER,
6.259134E-4,-0.3770533,9.799398,10525035705500,OTHER,
6.259134E-4,-0.3770533,9.799398,10525085705500,OTHER,
6.259134E-4,-0.3770533,9.799398,10525135705500,OTHER,
6.259134E-4,-0.3770533,9.799398,10525185705500,OTHER,
6.259134E-4,-0.37705335,9.799398,10525235705500,OTHER,
6.259134E-4,-0.3770533,9.799398,10525285705500,OTHER,
6.259134E-4,-0.37705335,9.799398,10525335705500,OTHER,
6.259134E-4,-0.3770533,9.799398,10525385705500,OTHER,
6.259134E-4,-0.3770533,9.799398,10525435705500,OTHER,
6.259134E-4,-0.3770533,9.799398,10525485705500,OTHER,
6.259134E-4,-0.3770533,9.799398,10525535705500,OTHER,
6.259134E-4,-0.3770533,9.799398,10525585705500,OTHER,
6.259134E-4,-0.3770533,9.799398,10525635705500,OTHER,
6.259134E-4,-0.3770533,9.799398,10525685705500,OTHER,
6.259134E-4,-0.3770533,9.799398,10525735705500,OTHER,
6.259134E-4,-0.3770533,9.799398,10525785705500,OTHER,
6.259134E-4,-0.3770533,9.799399,10525835705500,OTHER,
6.259134E-4,-0.3770533,9.799399,10525885705500,OTHER,
6.259134E-4,-0.3770533,9.799399,10525935705500,OTHER,
6.259134E-4,-0.37705326,9.799399,10525985705500,OTHER,
6.259134E-4,-0.3770533,9.799399,10526035705500,OTHER,
6.259134E-4,-0.37705326,9.799399,10526085705500,OTHER,
6.259134E-4,-0.3770533,9.799399,10526135705500,OTHER,
6.259134E-4,-0.37705326,9.799399,10526185705500,OTHER,
6.259134E-4,-0.3770533,9.799399,10526235705500,OTHER,
6.259134E-4,-0.37705326,9.799399,10526285705500,OTHER,
6.259134E-4,-0.3770533,9.799399,10526335705500,OTHER,
6.259134E-4,-0.37705326,9.799399,10526385705500,OTHER,
6.259134E-4,-0.3770533,9.799399,10526435705500,OTHER,
6.259134E-4,-0.3770533,9.799399,10526485705500,OTHER,
6.259134E-4,-0.3770533,9.799399,10526535705500,OTHER,
6.259134E-4,-0.37705326,9.799399,10526585705500,OTHER,
6.259134E-4,-0.3770533,9.799399,10526635705500,OTHER,
6.259134E-4,-0.37705326,9.799399,10526685705500,OTHER,
6.259134E-4,-0.3770533,9.799399,10526735705500,OTHER,
6.259134E-4,-0.37705326,9.799399,10526785705500,OTHER,
6.259316E-4,-0.3770533,9.799399,10526835705500,OTHER,
6.259134E-4,-0.37705326,9.799399,10526885705500,OTHER,
6.259316E-4,-0.3770533,9.799399,10526935705500,OTHER,
6.259134E-4,-0.37705326,9.799398,10526985705500,OTHER,
6.259316E-4,-0.3770533,9.799398,10527035705500,OTHER,
6.259134E-4,-0.37705326,9.799398,10527085705500,OTHER,
6.259316E-4,-0.3770533,9.799398,10527135705500,OTHER,
6.259134E-4,-0.37705323,9.799398,10527185705500,OTHER,
6.259316E-4,-0.3770533,9.799398,10527235705500,OTHER,
6.259316E-4,-0.37705323,9.799398,10527285705500,OTHER,
6.259134E-4,-0.3770533,9.799398,10527335705500,OTHER,
6.259316E-4,-0.37705323,9.799398,10527385705500,OTHER,
6.259134E-4,-0.3770533,9.799398,10527435705500,OTHER,
6.259316E-4,-0.37705326,9.799398,10527485705500,OTHER,
6.259134E-4,-0.3770533,9.799398,10527535705500,OTHER,
6.259316E-4,-0.37705326,9.799398,10527585705500,OTHER,
6.259134E-4,-0.37705323,9.799398,10527635705500,OTHER,
6.259316E-4,-0.37705326,9.799398,10527685705500,OTHER,
6.259316E-4,-0.37705323,9.799398,10527735705500,OTHER,
6.259134E-4,-0.37705323,9.799398,10527785705500,OTHER,
6.259316E-4,-0.3770533,9.799398,10527835705500,OTHER,
6.259316E-4,-0.37705323,9.799398,10527885705500,OTHER,
6.259316E-4,-0.3770533,9.799398,10527935705500,OTHER,
6.259316E-4,-0.37705323,9.799398,10527985705500,OTHER,
6.259316E-4,-0.3770533,9.799398,10528035705500,OTHER,
6.259316E-4,-0.37705323,9.799398,10528085705500,OTHER,
6.259316E-4,-0.37705326,9.799398,10528135705500,OTHER,
6.259316E-4,-0.37705323,9.799398,10528185705500,OTHER,
6.259316E-4,-0.3770532,9.799398,10528235705500,OTHER,
6.259316E-4,-0.37705323,9.799399,10528285705500,OTHER,
6.259316E-4,-0.3770532,9.799399,10528335705500,OTHER,
6.259316E-4,-0.37705323,9.799399,10528385705500,OTHER,
6.259316E-4,-0.3770532,9.799399,10528435705500,OTHER,
6.259316E-4,-0.37705323,9.799399,10528485705500,OTHER,
6.259499E-4,-0.37705317,9.799399,10528535705500,OTHER,
6.259499E-4,-0.37705323,9.799399,10528585705500,OTHER,
6.259499E-4,-0.37705317,9.799399,10528635705500,OTHER,
6.259499E-4,-0.37705323,9.799399,10528685705500,OTHER,
6.259316E-4,-0.37705326,9.799399,10528735705500,OTHER,
6.259499E-4,-0.37705323,9.799399,10528785705500,OTHER,
6.259499E-4,-0.37705317,9.799399,10528835705500,OTHER,
6.259499E-4,-0.37705323,9.799399,10528885705500,OTHER,
6.259499E-4,-0.37705317,9.799399,10528935705500,OTHER,
6.259499E-4,-0.37705323,9.799399,10528985705500,OTHER,
6.259499E-4,-0.37705317,9.799399,10529035705500,OTHER,
6.259499E-4,-0.37705323,9.799399,10529085705500,OTHER,
6.259499E-4,-0.37705317,9.799399,10529135705500,OTHER,
6.259499E-4,-0.37705323,9.799399,10529185705500,OTHER,
6.259499E-4,-0.37705317,9.799399,10529235705500,OTHER,
6.259316E-4,-0.37705323,9.799399,10529285705500,OTHER,
6.259499E-4,-0.37705317,9.799399,10529335705500,OTHER,
6.259316E-4,-0.37705323,9.799399,10529385705500,OTHER,
6.259499E-4,-0.37705317,9.799398,10529435705500,OTHER,
6.259316E-4,-0.3770532,9.799398,10529485705500,OTHER,
6.259499E-4,-0.37705317,9.799398,10529535705500,OTHER,
6.259316E-4,-0.37705323,9.799398,10529585705500,OTHER,
6.259499E-4,-0.37705317,9.799398,10529635705500,OTHER,
6.259316E-4,-0.37705323,9.799398,10529685705500,OTHER,
6.259316E-4,-0.37705317,9.799398,10529735705500,OTHER,
6.259316E-4,-0.37705323,9.799398,10529785705500,OTHER,
6.259316E-4,-0.37705317,9.799398,10529835705500,OTHER,
6.259316E-4,-0.37705323,9.799398,10529885705500,OTHER,
6.259316E-4,-0.37705317,9.799398,10529935705500,OTHER,
6.259316E-4,-0.37705323,9.799398,10529985705500,OTHER,
6.259316E-4,-0.37705317,9.799398,10530035705500,OTHER,
6.259316E-4,-0.3770532,9.799398,10530085705500,OTHER,
6.259316E-4,-0.37705317,9.799398,10530135705500,OTHER,
6.259316E-4,-0.3770532,9.799398,10530185705500,OTHER,
6.259316E-4,-0.37705317,9.799398,10530235705500,OTHER,
6.259316E-4,-0.3770532,9.799398,10530285705500,OTHER,
6.259316E-4,-0.37705317,9.799398,10530335705500,OTHER,
6.259499E-4,-0.37705317,9.799398,10530385705500,OTHER,
6.259499E-4,-0.37705317,9.799398,10530435705500,OTHER,
6.259499E-4,-0.3770532,9.799398,10530485705500,OTHER,
6.259499E-4,-0.37705317,9.799398,10530535705500,OTHER,
6.259499E-4,-0.3770532,9.799398,10530585705500,OTHER,
6.259499E-4,-0.37705317,9.799398,10530635705500,OTHER,
6.2596815E-4,-0.3770532,9.799398,10530685705500,OTHER,
6.259499E-4,-0.37705317,9.799399,10530735705500,OTHER,
6.259499E-4,-0.37705308,9.799399,10530785705500,OTHER,
6.259499E-4,-0.37705317,9.799399,10530835705500,OTHER,
6.259499E-4,-0.37705308,9.799399,10530885705500,OTHER,
6.259499E-4,-0.37705317,9.799399,10530935705500,OTHER,
6.2596815E-4,-0.37705317,9.799399,10530985705500,OTHER,
6.259499E-4,-0.37705317,9.799399,10531035705500,OTHER,
6.2596815E-4,-0.37705317,9.799399,10531085705500,OTHER,
6.259499E-4,-0.37705317,9.799399,10531135705500,OTHER,
6.2596815E-4,-0.37705317,9.799399,10531185705500,OTHER,
6.2596815E-4,-0.37705317,9.799399,10531235705500,OTHER,
6.259499E-4,-0.37705308,9.799399,10531285705500,OTHER,
6.2596815E-4,-0.37705317,9.799399,10531335705500,OTHER,
6.259499E-4,-0.37705308,9.799399,10531385705500,OTHER,
6.2596815E-4,-0.37705317,9.799399,10531435705500,OTHER,
6.259499E-4,-0.37705308,9.799399,10531485705500,OTHER,
6.2596815E-4,-0.3770531,9.799399,10531535705500,OTHER,
6.259499E-4,-0.37705308,9.799399,10531585705500,OTHER,
6.2596815E-4,-0.37705317,9.799399,10531635705500,OTHER,
6.259499E-4,-0.37705308,9.799399,10531685705500,OTHER,
6.2596815E-4,-0.37705317,9.799399,10531735705500,OTHER,
6.2596815E-4,-0.37705308,9.799399,10531785705500,OTHER,
-0.07637237,-0.34952056,9.800122,10531835705500,OTHER,
-0.17370741,-0.28527835,9.800961,10531885705500,OTHER,
-0.23758395,-0.19403698,9.801851,10531935705500,OTHER,
-0.26225996,-0.09057238,9.802724,10531985705500,OTHER,
-0.24782042,0.009977779,9.803513,10532035705500,OTHER,
-0.1996588,0.09420038,9.804165,10532085705500,OTHER,
-0.1272847,0.15207577,9.804645,10532135705500,OTHER,
-0.042672258,0.17804272,9.804941,10532185705500,OTHER,
0.041585967,0.17136921,9.805065,10532235705500,OTHER,
0.11405141,0.13583429,9.805046,10532285705500,OTHER,
0.16590017,0.07881967,9.80493,10532335705500,OTHER,
0.19189742,0.009983734,9.804768,10532385705500,OTHER,
0.19079423,-0.060261477,9.804609,10532435705500,OTHER,
0.16514178,-0.12223984,9.804498,10532485705500,OTHER,
0.12060196,-0.16826248,9.804464,10532535705500,OTHER,
0.064896345,-0.19349198,9.804526,10532585705500,OTHER,
0.068003535,-0.17917894,9.804777,10532635705500,OTHER,
0.101782024,-0.14319052,9.805077,10532685705500,OTHER,
0.12071113,-0.10001457,9.805398,10532735705500,OTHER,
0.12397204,-0.05510123,9.805712,10532785705500,OTHER,
0.112563916,-0.013622309,9.805995,10532835705500,OTHER,
0.08903934,0.02008018,9.806226,10532885705500,OTHER,
0.057088785,0.04290833,9.80639,10532935705500,OTHER,
0.021030877,0.053250782,9.806483,10532985705500,OTHER,
-0.014727524,0.051038835,9.806506,10533035705500,OTHER,
-0.046197273,0.037622947,9.806469,10533085705500,OTHER,
-0.07022275,0.015497525,9.806387,10533135705500,OTHER,
-0.08476631,-0.012082429,9.806276,10533185705500,OTHER,
-0.08903929,-0.04153833,9.806158,10533235705500,OTHER,
-0.08347765,-0.06940216,9.806049,10533285705500,OTHER,
-0.06958082,-0.092697166,9.805965,10533335705500,OTHER,
-0.0496449,-0.10922626,9.805917,10533385705500,OTHER,
-0.033197287,-0.125279,9.805794,10533435705500,OTHER,
-0.028372506,-0.13632321,9.805662,10533485705500,OTHER,
-0.023766728,-0.14686859,9.805521,10533535705500,OTHER,
-0.019369809,-0.15693758,9.805375,10533585705500,OTHER,
-0.01517207,-0.16655177,9.805223,10533635705500,OTHER,
-0.0111642815,-0.17573161,9.805069,10533685705500,OTHER,
-0.0073377136,-0.1844968,9.804912,10533735705500,OTHER,
-0.0036839219,-0.1928661,9.804752,10533785705500,OTHER,
-1.9513899E-4,-0.20085728,9.804593,10533835705500,OTHER,
0.0031361883,-0.20848757,9.804433,10533885705500,OTHER,
0.0063172113,-0.21577317,9.804274,10533935705500,OTHER,
0.0093547795,-0.22272974,9.804116,10533985705500,OTHER,
0.012255387,-0.22937207,9.80396,10534035705500,OTHER,
0.015025254,-0.23571439,9.803805,10534085705500,OTHER,
0.017670317,-0.24177031,9.803654,10534135705500,OTHER,
0.02019619,-0.24755274,9.803504,10534185705500,OTHER,
-0.53438425,2.5381615,9.457408,10534235705500,OTHER,
-1.2100284,5.8892465,7.747451,10534285705500,OTHER,
-1.6941494,8.282647,4.969707,10534335705500,OTHER,
-1.9293002,9.474279,1.6389686,10534385705500,OTHER,
-1.9251881,9.4553995,-1.7491438,10534435705500,OTHER,
-1.721972,8.374461,-4.803497,10534485705500,OTHER,
-1.3563768,6.4567084,-7.2554517,10534535705500,OTHER,
-0.8647542,3.9451632,-8.936349,10534585705500,OTHER,
-0.29554245,1.0781022,-9.742723,10534635705500,OTHER,
0.29109326,-1.903145,-9.615802,10534685705500,OTHER,
0.8376747,-4.7450128,-8.541288,10534735705500,OTHER,
1.2991835,-7.1784253,-6.553832,10534785705500,OTHER,
1.6291046,-8.90878,-3.7616527,10534835705500,OTHER,
1.7653009,-9.638326,-0.39597383,10534885705500,OTHER,
1.6501348,-9.133804,3.1656063,10534935705500,OTHER,
1.2680652,-7.3113146,6.4114804,10534985705500,OTHER,
1.0735358,-6.4223976,7.3328524,10535035705500,OTHER,
1.0202624,-6.241338,7.4950085,10535085705500,OTHER,
0.96603966,-6.049321,7.657863,10535135705500,OTHER,
0.9108662,-5.845975,7.820824,10535185705500,OTHER,
0.8546805,-5.630981,7.98323,10535235705500,OTHER,
0.79735756,-5.4040804,8.144355,10535285705500,OTHER,
0.73872125,-5.1650844,8.303408,10535335705500,OTHER,
0.67857045,-4.9138837,8.459532,10535385705500,OTHER,
0.61670303,-4.65044,8.611822,10535435705500,OTHER,
0.5529573,-4.374798,8.759325,10535485705500,OTHER,
0.48723847,-4.0870767,8.901055,10535535705500,OTHER,
0.41954285,-3.7874727,9.036007,10535585705500,OTHER,
0.34996232,-3.4762664,9.163159,10535635705500,OTHER,
0.27867147,-3.1538143,9.281497,10535685705500,OTHER,
0.20590574,-2.8205628,9.390017,10535735705500,OTHER,
0.13192987,-2.477055,9.487738,10535785705500,OTHER,
0.052685734,-2.1078358,9.577298,10535835705500,OTHER,
-0.029246554,-1.7177249,9.654997,10535885705500,OTHER,
-0.11159268,-1.3181803,9.717012,10535935705500,OTHER,
-0.1941727,-0.9103447,9.762374,10535985705500,OTHER,
-0.27682436,-0.49549052,9.790212,10536035705500,OTHER,
-0.35939056,-0.07500982,9.799775,10536085705500,OTHER,
-0.4417101,0.3496,9.790458,10536135705500,OTHER,
-0.5236114,0.77675164,9.7618065,10536185705500,OTHER,
-0.6049071,1.2047898,9.713545,10536235705500,OTHER,
-0.6853919,1.6320163,9.645577,10536285705500,OTHER,
-0.7648434,2.0567105,9.558,10536335705500,OTHER,
-0.8430263,2.4771628,9.451103,10536385705500,OTHER,
-0.9196957,2.8916981,9.325376,10536435705500,OTHER,
-0.99460447,3.298706,9.181486,10536485705500,OTHER,
-1.0675082,3.6966653,9.020281,10536535705500,OTHER,
-1.1381717,4.0841665,8.842767,10536585705500,OTHER,
-1.206374,4.4599338,8.650089,10536635705500,OTHER,
-1.2719167,4.82284,8.443508,10536685705500,OTHER,
-1.3346217,5.1719136,8.224383,10536735705500,OTHER,
-1.3943448,5.506357,7.994137,10536785705500,OTHER,
-1.4509699,5.8255463,7.7542305,10536835705500,OTHER,
-1.5044092,6.1290226,7.506146,10536885705500,OTHER,
-1.5546134,6.416494,7.251356,10536935705500,OTHER,
-1.6015581,6.687831,6.9913034,10536985705500,OTHER,
-1.6452507,6.943042,6.7273855,10537035705500,OTHER,
-1.6857285,7.1822724,6.460935,10537085705500,OTHER,
-1.7230492,7.405785,6.1932087,10537135705500,OTHER,
-1.7572944,7.6139474,5.9253774,10537185705500,OTHER,
-1.7885678,7.8072133,5.658518,10537235705500,OTHER,
-1.8169852,7.986109,5.3936086,10537285705500,OTHER,
-1.8426741,8.151216,5.131531,10537335705500,OTHER,
-1.8657739,8.303168,4.873057,10537385705500,OTHER,
-1.8657882,8.303914,4.8717785,10537435705500,OTHER,
-1.8658043,8.304695,4.870443,10537485705500,OTHER,
-1.8658224,8.30551,4.8690476,10537535705500,OTHER,
-1.8658415,8.3063545,4.8675966,10537585705500,OTHER,
-1.8658628,8.307236,4.866085,10537635705500,OTHER,
-1.8658859,8.30815,4.864515,10537685705500,OTHER,
-1.8659105,8.309098,4.862887,10537735705500,OTHER,
-1.8659372,8.31008,4.8611994,10537785705500,OTHER,
-1.8659651,8.311091,4.859456,10537835705500,OTHER,
-1.8659953,8.3121395,4.857653,10537885705500,OTHER,
-1.866028,8.31322,4.8557925,10537935705500,OTHER,
-1.8660625,8.314332,4.8538733,10537985705500,OTHER,
-1.8660984,8.315477,4.8518972,10538035705500,OTHER,
-1.8661358,8.316656,4.849863,10538085705500,OTHER,
-1.8661753,8.317866,4.84777,10538135705500,OTHER,
-1.8662161,8.31911,4.84562,10538185705500,OTHER,
-1.8904243,8.320199,4.834352,10538235705500,OTHER,
-1.9149785,8.3212805,4.8228154,10538285705500,OTHER,
-1.9398725,8.322346,4.811013,10538335705500,OTHER,
-1.9650999,8.323394,4.798946,10538385705500,OTHER,
-1.9906547,8.324422,4.786615,10538435705500,OTHER,
-2.01653,8.325427,4.7740197,10538485705500,OTHER,
-2.0427198,8.326404,4.7611637,10538535705500,OTHER,
-2.069217,8.32735,4.748048,10538585705500,OTHER,
-2.0960145,8.328262,4.734677,10538635705500,OTHER,
-2.123105,8.329136,4.7210503,10538685705500,OTHER,
-2.1504843,8.32997,4.7071652,10538735705500,OTHER,
-2.1781437,8.330761,4.693028,10538785705500,OTHER,
-2.206078,8.331505,4.678637,10538835705500,OTHER,
-2.2342794,8.332197,4.663996,10538885705500,OTHER,
-2.262742,8.33284,4.6491036,10538935705500,OTHER,
-2.2914581,8.333427,4.6339636,10538985705500,OTHER,
-2.2795007,8.342003,4.6244183,10539035705500,OTHER,
-2.267398,8.350674,4.614708,10539085705500,OTHER,
-2.2551515,8.359438,4.604833,10539135705500,OTHER,
-2.2427614,8.368291,4.5947948,10539185705500,OTHER,
-2.2302296,8.37723,4.5845942,10539235705500,OTHER,
-2.2175572,8.3862505,4.5742335,10539285705500,OTHER,
-2.2047465,8.395358,4.5637107,10539335705500,OTHER,
-2.1917973,8.404544,4.5530286,10539385705500,OTHER,
-2.178712,8.413806,4.542188,10539435705500,OTHER,
-2.1654923,8.423143,4.53119,10539485705500,OTHER,
-2.1521401,8.432553,4.520034,10539535705500,OTHER,
-2.138656,8.442035,4.508722,10539585705500,OTHER,
-2.1250417,8.451585,4.497255,10539635705500,OTHER,
-2.1112983,8.4612,4.4856343,10539685705500,OTHER,
-2.0974276,8.470878,4.4738607,10539735705500,OTHER,
-2.0834308,8.480616,4.4619355,10539785705500,OTHER,
-2.0605848,8.550609,4.337221,10539835705500,OTHER,
-2.038118,8.616952,4.2148085,10539885705500,OTHER,
-2.0160322,8.67984,4.094679,10539935705500,OTHER,
-1.9943259,8.739451,3.976814,10539985705500,OTHER,
-1.9729992,8.7959585,3.8611894,10540035705500,OTHER,
-1.9520484,8.849522,3.7477808,10540085705500,OTHER,
-1.931473,8.900293,3.63656,10540135705500,OTHER,
-1.911268,8.948421,3.5274951,10540185705500,OTHER,
-1.891428,8.994034,3.420561,10540235705500,OTHER,
-1.8719506,9.037267,3.3157198,10540285705500,OTHER,
-1.8528305,9.078238,3.2129426,10540335705500,OTHER,
-1.8340626,9.1170635,3.1121943,10540385705500,OTHER,
-1.8156441,9.153851,3.013442,10540435705500,OTHER,
-1.797568,9.188705,2.9166503,10540485705500,OTHER,
-1.7798276,9.221722,2.821786,10540535705500,OTHER,
-1.7624182,9.252993,2.7288134,10540585705500,OTHER,
-1.8003349,9.376922,2.2366304,10540635705500,OTHER,
-1.8270453,9.460014,1.8276778,10540685705500,OTHER,
-1.8461171,9.516448,1.4830507,10540735705500,OTHER,
-1.8598742,9.554989,1.1888932,10540785705500,OTHER,
-1.8698641,9.581226,0.93493474,10540835705500,OTHER,
-1.8771409,9.598839,0.71344477,10540885705500,OTHER,
-1.8824375,9.610303,0.51852334,10540935705500,OTHER,
-1.8862687,9.617327,0.34560055,10540985705500,OTHER,
-1.8890015,9.621099,0.19111064,10541035705500,OTHER,
-1.890907,9.622479,0.052199744,10541085705500,OTHER,
-1.8921852,9.622091,-0.07342161,10541135705500,OTHER,
-1.8929825,9.620386,-0.18760428,10541185705500,OTHER,
-1.8934094,9.617703,-0.29186293,10541235705500,OTHER,
-1.8935527,9.614299,-0.38745663,10541285705500,OTHER,
-1.8934762,9.610367,-0.4754321,10541335705500,OTHER,
-1.8932307,9.60605,-0.55666316,10541385705500,OTHER,
-1.8928561,9.601468,-0.631901,10541435705500,OTHER,
-1.8923827,9.596706,-0.7017777,10541485705500,OTHER,
-1.8918372,9.591835,-0.7668446,10541535705500,OTHER,
-1.8912348,9.586906,-0.82755715,10541585705500,OTHER,
-1.8905933,9.581963,-0.88432765,10541635705500,OTHER,
-1.8899245,9.577039,-0.93751043,10541685705500,OTHER,
-1.8892373,9.572156,-0.98741394,10541735705500,OTHER,
-1.8885403,9.56734,-1.0343132,10541785705500,OTHER,
-1.8878402,9.562604,-1.0784533,10541835705500,OTHER,
-1.8871408,9.5579605,-1.1200442,10541885705500,OTHER,
-1.8864468,9.553418,-1.1592813,10541935705500,OTHER,
-1.8857613,9.548984,-1.1963357,10541985705500,OTHER,
-1.8850875,9.544662,-1.2313637,10542035705500,OTHER,
-1.884427,9.540459,-1.2645035,10542085705500,OTHER,
-1.8837814,9.536377,-1.2958845,10542135705500,OTHER,
-1.8831514,9.532412,-1.3256156,10542185705500,OTHER,
-1.8825384,9.52857,-1.3538084,10542235705500,OTHER,
-1.8819427,9.524849,-1.380556,10542285705500,OTHER,
-1.881366,9.521249,-1.4059494,10542335705500,OTHER,
-1.880807,9.517767,-1.4300636,10542385705500,OTHER,
-1.8802658,9.5144005,-1.4529765,10542435705500,OTHER,
-1.8797439,9.511154,-1.4747589,10542485705500,OTHER,
-1.8792406,9.508019,-1.4954735,10542535705500,OTHER,
-1.8787551,9.504994,-1.5151768,10542585705500,OTHER,
-1.8782879,9.502079,-1.5339276,10542635705500,OTHER,
-1.8778381,9.499269,-1.5517744,10542685705500,OTHER,
-1.8774054,9.496564,-1.5687683,10542735705500,OTHER,
-1.8769897,9.493959,-1.5849513,10542785705500,OTHER,
-1.87659,9.49145,-1.6003652,10542835705500,OTHER,
-1.876207,9.489039,-1.6150525,10542885705500,OTHER,
-1.8758396,9.486718,-1.6290476,10542935705500,OTHER,
-1.8754878,9.4844885,-1.6423867,10542985705500,OTHER,
-1.6670071,9.525943,-1.627233,10543035705500,OTHER,
-1.4063468,9.57659,-1.5752883,10543085705500,OTHER,
-1.1669075,9.622327,-1.4898238,10543135705500,OTHER,
-0.9520126,9.662881,-1.3757857,10543185705500,OTHER,
-0.76412225,9.698106,-1.2382547,10543235705500,OTHER,
-0.60487556,9.727959,-1.0822891,10543285705500,OTHER,
-0.47514778,9.752503,-0.91287214,10543335705500,OTHER,
-0.37511298,9.771888,-0.73477656,10543385705500,OTHER,
-0.30430618,9.786342,-0.55253506,10543435705500,OTHER,
-0.26170215,9.796161,-0.37034723,10543485705500,OTHER,
-0.24578357,9.801689,-0.19204292,10543535705500,OTHER,
-0.25461715,9.803323,-0.02103855,10543585705500,OTHER,
-0.2859297,9.801487,0.1396902,10543635705500,OTHER,
-0.33718526,9.796632,0.28762597,10543685705500,OTHER,
-0.40564418,9.789222,0.4207184,10543735705500,OTHER,
-0.48844695,9.779723,0.53739804,10543785705500,OTHER,
-0.5546259,9.789953,0.14000264,10543835705500,OTHER,
-0.7576897,9.768025,-0.4265838,10543885705500,OTHER,
-1.1506852,9.702488,-0.84146035,10543935705500,OTHER,
-1.651308,9.6096115,-1.0483063,10543985705500,OTHER,
-2.1664126,9.508666,-1.0306966,10544035705500,OTHER,
-2.6084552,9.418511,-0.8111649,10544085705500,OTHER,
-2.9097095,9.354503,-0.44413653,10544135705500,OTHER,
-3.0320725,9.326142,-0.0041837157,10544185705500,OTHER,
-2.970985,9.335962,0.42827687,10544235705500,OTHER,
-2.7532115,9.379761,0.7812141,10544285705500,OTHER,
-2.4293885,9.447924,1.0026029,10544335705500,OTHER,
-2.0631888,9.527569,1.067285,10544385705500,OTHER,
-1.7194412,9.605028,0.9784505,10544435705500,OTHER,
-1.4533968,9.668193,0.76425534,10544485705500,OTHER,
-1.3027295,9.708323,0.47091833,10544535705500,OTHER,
-1.2830516,9.721137,0.1538111,10544585705500,OTHER,
-1.2970375,9.719205,0.15868601,10544635705500,OTHER,
-1.3235335,9.713964,0.23989567,10544685705500,OTHER,
-1.3486028,9.708294,0.31733987,10544735705500,OTHER,
-1.3723565,9.702269,0.39118573,10544785705500,OTHER,
-1.3948969,9.695959,0.46159723,10544835705500,OTHER,
-1.4163097,9.689422,0.5287337,10544885705500,OTHER,
-1.4366713,9.682717,0.59274465,10544935705500,OTHER,
-1.4560511,9.675894,0.65377253,10544985705500,OTHER,
-1.4745103,9.668987,0.7119629,10545035705500,OTHER,
-1.4921032,9.662041,0.7674457,10545085705500,OTHER,
-1.5088813,9.655088,0.8203458,10545135705500,OTHER,
-1.5248867,9.648151,0.8707903,10545185705500,OTHER,
-1.5401635,9.641263,0.91888976,10545235705500,OTHER,
-1.5547476,9.634438,0.9647595,10545285705500,OTHER,
-1.568675,9.627699,1.0085016,10545335705500,OTHER,
-1.5819767,9.621059,1.0502189,10545385705500,OTHER,
-1.8720615,9.574836,0.9941373,10545435705500,OTHER,
-2.212821,9.514713,0.8625772,10545485705500,OTHER,
-2.486692,9.464214,0.64453125,10545535705500,OTHER,
-2.6759727,9.427349,0.36697277,10545585705500,OTHER,
-2.7720664,9.406517,0.05915011,10545635705500,OTHER,
-2.7750194,9.402506,-0.25002047,10545685705500,OTHER,
-2.6925685,9.414628,-0.534118,10545735705500,OTHER,
-2.5388172,9.440886,-0.77100074,10545785705500,OTHER,
-2.3326504,9.478268,-0.944225,10545835705500,OTHER,
-2.0959141,9.523013,-1.0439339,10545885705500,OTHER,
-1.8514524,9.570968,-1.0672791,10545935705500,OTHER,
-1.6211247,9.617983,-1.018231,10545985705500,OTHER,
-1.4239322,9.660258,-0.9067732,10546035705500,OTHER,
-1.2745196,9.694693,-0.74761754,10546085705500,OTHER,
-1.1821669,9.7191,-0.5585286,10546135705500,OTHER,
-1.1503657,9.732345,-0.35848376,10546185705500,OTHER,
-1.1299602,9.734668,-0.3603347,10546235705500,OTHER,
-1.1376503,9.731011,-0.42847177,10546285705500,OTHER,
-1.1449225,9.727085,-0.49330336,10546335705500,OTHER,
-1.151801,9.722948,-0.5550082,10546385705500,OTHER,
-1.158311,9.718643,-0.6137517,10546435705500,OTHER,
-1.1644745,9.714213,-0.6696876,10546485705500,OTHER,
-1.1703119,9.709692,-0.72295904,10546535705500,OTHER,
-1.175843,9.7051115,-0.773704,10546585705500,OTHER,
-1.1810853,9.700499,-0.82205266,10546635705500,OTHER,
-1.186056,9.695877,-0.868123,10546685705500,OTHER,
-1.1907707,9.691267,-0.9120318,10546735705500,OTHER,
-1.1952444,9.6866865,-0.95388544,10546785705500,OTHER,
-1.1994902,9.68215,-0.993783,10546835705500,OTHER,
-1.2035215,9.677668,-1.0318211,10546885705500,OTHER,
-1.207351,9.673257,-1.0680952,10546935705500,OTHER,
-1.2109891,9.668918,-1.1026856,10546985705500,OTHER,
-1.2164471,9.667894,-1.1056536,10547035705500,OTHER,
-1.1629642,9.654339,-1.2695163,10547085705500,OTHER,
-1.1073918,9.638416,-1.4300497,10547135705500,OTHER,
-1.0501223,9.620155,-1.5875264,10547185705500,OTHER,
-0.99157476,9.59957,-1.7422423,10547235705500,OTHER,
-0.93216777,9.576662,-1.894478,10547285705500,OTHER,
-0.8722867,9.551416,-2.0444903,10547335705500,OTHER,
-0.8122627,9.523836,-2.1925268,10547385705500,OTHER,
-0.7523513,9.493911,-2.3388019,10547435705500,OTHER,
-0.6927168,9.461646,-2.4834986,10547485705500,OTHER,
-0.63344026,9.427047,-2.6267803,10547535705500,OTHER,
-0.574519,9.390115,-2.768766,10547585705500,OTHER,
-0.51588833,9.350865,-2.9095633,10547635705500,OTHER,
-0.457441,9.3092985,-3.0492744,10547685705500,OTHER,
-0.39903557,9.265416,-3.1879745,10547735705500,OTHER,
-0.3405223,9.219215,-3.3257368,10547785705500,OTHER,
-0.880171,9.577372,-1.9156207,10547835705500,OTHER,
-1.7278017,9.633939,0.6101641,10547885705500,OTHER,
-2.4366257,8.964409,3.1420746,10547935705500,OTHER,
-2.9452653,7.5630875,5.504136,10547985705500,OTHER,
-3.186602,5.466594,7.4921503,10548035705500,OTHER,
-3.1021032,2.784839,8.876487,10548085705500,OTHER,
-2.661382,-0.27599466,9.434577,10548135705500,OTHER,
-1.8751968,-3.4162693,8.9990635,10548185705500,OTHER,
-0.8027964,-6.257255,7.508174,10548235705500,OTHER,
0.44085518,-8.386612,5.0636716,10548285705500,OTHER,
1.688732,-9.459799,1.9572297,10548335705500,OTHER,
2.753928,-9.311115,-1.374557,10548385705500,OTHER,
3.4896965,-8.005028,-4.4622765,10548435705500,OTHER,
3.8308303,-5.7924976,-6.924026,10548485705500,OTHER,
3.7835343,-3.0240953,-8.527025,10548535705500,OTHER,
3.3980606,-0.0642489,-9.198887,10548585705500,OTHER,
3.608002,-1.628388,-8.972239,10548635705500,OTHER,
3.7815661,-4.975532,-7.557393,10548685705500,OTHER,
3.4900298,-7.6082406,-5.109282,10548735705500,OTHER,
2.7743764,-9.205405,-1.9322851,10548785705500,OTHER,
1.6979183,-9.525032,1.6003855,10548835705500,OTHER,
0.3724784,-8.412121,5.026717,10548885705500,OTHER,
-1.018521,-5.8704276,7.7891645,10548935705500,OTHER,
-2.2331932,-2.1720104,9.298689,10548985705500,OTHER,
-3.009249,2.0789406,9.099055,10549035705500,OTHER,
-3.1323385,6.023483,7.076475,10549085705500,OTHER,
-2.5328887,8.765094,3.595552,10549135705500,OTHER,
-1.3531089,9.696993,-0.5548475,10549185705500,OTHER,
0.11329963,8.735093,-4.455975,10549235705500,OTHER,
1.5559225,6.2597194,-7.3868456,10549285705500,OTHER,
2.7344651,2.8744156,-8.968326,10549335705500,OTHER,
3.4997919,-0.80596656,-9.125361,10549385705500,OTHER,
3.6593416,-1.9079537,-8.89603,10549435705500,OTHER,
3.6652632,-1.8198512,-8.912038,10549485705500,OTHER,
3.6711185,-1.7275914,-8.927975,10549535705500,OTHER,
3.6768718,-1.630989,-8.943765,10549585705500,OTHER,
3.6824815,-1.5298512,-8.959311,10549635705500,OTHER,
3.6879058,-1.4239851,-8.97452,10549685705500,OTHER,
3.693091,-1.3131888,-8.989275,10549735705500,OTHER,
3.697979,-1.1972585,-9.003439,10549785705500,OTHER,
3.7025075,-1.0759878,-9.016876,10549835705500,OTHER,
3.7066069,-0.9491684,-9.029429,10549885705500,OTHER,
3.7101948,-0.8165901,-9.040907,10549935705500,OTHER,
3.7131896,-0.6780444,-9.0511265,10549985705500,OTHER,
3.7154942,-0.5333235,-9.059861,10550035705500,OTHER,
3.717004,-0.382223,-9.066873,10550085705500,OTHER,
3.7176063,-0.22454394,-9.071902,10550135705500,OTHER,
3.7171764,-0.06009521,-9.074659,10550185705500,OTHER,
3.7167814,0.41909212,-9.065338,10550235705500,OTHER,
3.5404077,1.1777698,-9.069109,10550285705500,OTHER,
3.1716862,1.8952806,-9.083981,10550335705500,OTHER,
2.6188014,2.5257378,-9.106753,10550385705500,OTHER,
1.9003576,3.0242867,-9.1330595,10550435705500,OTHER,
1.0462575,3.3482988,-9.157764,10550485705500,OTHER,
0.09836963,3.4598842,-9.175509,10550535705500,OTHER,
-0.88983065,3.329781,-9.181023,10550585705500,OTHER,
-1.8552331,2.94206,-9.169122,10550635705500,OTHER,
-2.7288709,2.298687,-9.134533,10550685705500,OTHER,
-3.4415004,1.4228295,-9.072047,10550735705500,OTHER,
-3.9305935,0.3595685,-8.977279,10550785705500,OTHER,
-4.1476407,-0.82709247,-8.847794,10550835705500,OTHER,
-4.063879,-2.0607376,-8.683814,10550885705500,OTHER,
-3.6728902,-3.260611,-8.488146,10550935705500,OTHER,
-2.9899461,-4.348798,-8.265503,10550985705500,OTHER,
-2.615146,-4.8701124,-8.100208,10551035705500,OTHER,
-2.564653,-5.184151,-7.9194446,10551085705500,OTHER,
-2.5087843,-5.4986753,-7.7227535,10551135705500,OTHER,
-2.4472902,-5.812389,-7.509815,10551185705500,OTHER,
-2.37997,-6.1238956,-7.280389,10551235705500,OTHER,
-2.3066845,-6.431734,-7.034374,10551285705500,OTHER,
-2.227357,-6.73438,-6.771807,10551335705500,OTHER,
-2.1419814,-7.030277,-6.4928823,10551385705500,OTHER,
-2.0506306,-7.3178463,-6.1979427,10551435705500,OTHER,
-1.9534507,-7.595516,-5.8874927,10551485705500,OTHER,
-1.8506656,-7.861749,-5.5622187,10551535705500,OTHER,
-1.7425691,-8.11507,-5.2229743,10551585705500,OTHER,
-1.6295296,-8.354081,-4.870762,10551635705500,OTHER,
-1.511977,-8.577498,-4.5067496,10551685705500,OTHER,
-1.3903955,-8.784179,-4.1322412,10551735705500,OTHER,
-1.2653209,-8.973122,-3.7486594,10551785705500,OTHER,
-1.1373266,-9.143513,-3.3575377,10551835705500,OTHER,
-1.0070087,-9.294723,-2.9604783,10551885705500,OTHER,
-0.87498677,-9.426321,-2.5591445,10551935705500,OTHER,
-0.74188805,-9.538082,-2.155224,10551985705500,OTHER,
-0.60832936,-9.629976,-1.7503929,10552035705500,OTHER,
-0.47491717,-9.702179,-1.3463223,10552085705500,OTHER,
-0.34223202,-9.755049,-0.94460315,10552135705500,OTHER,
-0.21082142,-9.789126,-0.5467729,10552185705500,OTHER,
-0.081195205,-9.805101,-0.15425709,10552235705500,OTHER,
0.04617825,-9.803806,0.23162031,10552285705500,OTHER,
0.17088395,-9.78619,0.60966396,10552335705500,OTHER,
0.29255176,-9.753292,0.9788164,10552385705500,OTHER,
0.41087022,-9.706232,1.3381512,10552435705500,OTHER,
0.52557737,-9.646169,1.6868933,10552485705500,OTHER,
0.6364663,-9.574291,2.0244057,10552535705500,OTHER,
0.74337405,-9.491807,2.3501883,10552585705500,OTHER,
0.84618944,-9.3999,2.6638744,10552635705500,OTHER,
0.94483876,-9.299741,2.965217,10552685705500,OTHER,
1.039291,-9.192454,3.2540843,10552735705500,OTHER,
1.1295455,-9.079121,3.5304503,10552785705500,OTHER,
1.2156377,-8.960768,3.7943718,10552835705500,OTHER,
1.2976284,-8.838354,4.0459924,10552885705500,OTHER,
1.3755987,-8.712774,4.285521,10552935705500,OTHER,
1.4496486,-8.584853,4.513225,10552985705500,OTHER,
1.5198972,-8.455343,4.729427,10553035705500,OTHER,
1.5864681,-8.32493,4.9344735,10553085705500,OTHER,
1.6494983,-8.194237,5.128744,10553135705500,OTHER,
1.7091255,-8.063813,5.312645,10553185705500,OTHER,
1.7654972,-7.934145,5.486597,10553235705500,OTHER,
1.8187618,-7.805667,5.6510234,10553285705500,OTHER,
1.8690678,-7.6787524,5.806353,10553335705500,OTHER,
1.9165587,-7.5537252,5.9530177,10553385705500,OTHER,
1.9613777,-7.4308634,6.0914407,10553435705500,OTHER,
2.0036662,-7.3103995,6.222039,10553485705500,OTHER,
2.0435586,-7.1925254,6.3452215,10553535705500,OTHER,
2.0811872,-7.077401,6.4613824,10553585705500,OTHER,
2.1166778,-6.965149,6.5709033,10553635705500,OTHER,
2.150153,-6.8558674,6.674153,10553685705500,OTHER,
2.1817265,-6.7496314,6.771479,10553735705500,OTHER,
2.2115061,-6.6464853,6.8632245,10553785705500,OTHER,
2.2396007,-6.5464582,6.9497094,10553835705500,OTHER,
2.266109,-6.449562,7.031237,10553885705500,OTHER,
2.2911253,-6.3557887,7.108101,10553935705500,OTHER,
2.3147378,-6.2651224,7.1805725,10553985705500,OTHER,
2.3370304,-6.177534,7.2489133,10554035705500,OTHER,
2.3580823,-6.0929866,7.3133674,10554085705500,OTHER,
2.3779664,-6.0114365,7.374164,10554135705500,OTHER,
2.3967535,-5.932826,7.431524,10554185705500,OTHER,
2.4034116,-5.909198,7.4481797,10554235705500,OTHER,
2.4101431,-5.8851285,7.4650426,10554285705500,OTHER,
2.4169343,-5.860661,7.4820766,10554335705500,OTHER,
2.4237716,-5.835837,7.499249,10554385705500,OTHER,
2.4306438,-5.8107004,7.5165234,10554435705500,OTHER,
2.4375374,-5.7852926,7.5338693,10554485705500,OTHER,
2.444442,-5.7596536,7.551257,10554535705500,OTHER,
2.451347,-5.7338223,7.568656,10554585705500,OTHER,
2.4582422,-5.7078376,7.586042,10554635705500,OTHER,
2.4651177,-5.681735,7.6033854,10554685705500,OTHER,
2.471964,-5.655551,7.6206646,10554735705500,OTHER,
2.4787736,-5.629318,7.6378565,10554785705500,OTHER,
2.4855373,-5.60307,7.65494,10554835705500,OTHER,
2.49225,-5.576835,7.671896,10554885705500,OTHER,
2.4989033,-5.550646,7.6887064,10554935705500,OTHER,
2.505492,-5.524528,7.7053547,10554985705500,OTHER,
2.5086224,-5.5213537,7.7066116,10555035705500,OTHER,
2.5118315,-5.5180902,7.7079034,10555085705500,OTHER,
2.5151162,-5.514737,7.7092314,10555135705500,OTHER,
2.5184777,-5.5113006,7.7105923,10555185705500,OTHER,
2.521914,-5.507777,7.7119856,10555235705500,OTHER,
2.5254233,-5.50417,7.713413,10555285705500,OTHER,
2.5290053,-5.5004797,7.714872,10555335705500,OTHER,
2.5326576,-5.4967065,7.7163625,10555385705500,OTHER,
2.5363796,-5.492852,7.7178845,10555435705500,OTHER,
2.5401707,-5.4889197,7.7194357,10555485705500,OTHER,
2.5440288,-5.4849076,7.7210164,10555535705500,OTHER,
2.547952,-5.4808183,7.7226267,10555585705500,OTHER,
2.5519407,-5.4766536,7.7242646,10555635705500,OTHER,
2.5559921,-5.472412,7.7259297,10555685705500,OTHER,
2.560106,-5.468099,7.727622,10555735705500,OTHER,
2.5642803,-5.463713,7.72934,10555785705500,OTHER,
2.565597,-5.4602633,7.731341,10555835705500,OTHER,
2.5669332,-5.456753,7.733375,10555885705500,OTHER,
2.5682898,-5.453186,7.7354407,10555935705500,OTHER,
2.5696661,-5.449562,7.7375374,10555985705500,OTHER,
2.571061,-5.4458814,7.739665,10556035705500,OTHER,
2.5724742,-5.442145,7.7418237,10556085705500,OTHER,
2.5739055,-5.4383545,7.744011,10556135705500,OTHER,
2.575355,-5.4345098,7.7462273,10556185705500,OTHER,
2.5768213,-5.430611,7.748473,10556235705500,OTHER,
2.578305,-5.426662,7.7507463,10556285705500,OTHER,
2.5798059,-5.422662,7.753046,10556335705500,OTHER,
2.5813236,-5.4186115,7.755373,10556385705500,OTHER,
2.5828567,-5.4145117,7.7577257,10556435705500,OTHER,
2.5844057,-5.410364,7.7601027,10556485705500,OTHER,
2.58597,-5.406169,7.7625046,10556535705500,OTHER,
2.587549,-5.4019275,7.7649317,10556585705500,OTHER,
2.5866718,-5.396599,7.768928,10556635705500,OTHER,
2.5857868,-5.391223,7.772954,10556685705500,OTHER,
2.584895,-5.3858023,7.777007,10556735705500,OTHER,
2.5839953,-5.380336,7.781089,10556785705500,OTHER,
2.5830896,-5.374828,7.7851954,10556835705500,OTHER,
2.5821772,-5.3692784,7.7893267,10556885705500,OTHER,
2.5812578,-5.3636875,7.7934813,10556935705500,OTHER,
2.5803313,-5.3580575,7.797659,10556985705500,OTHER,
2.5794005,-5.352392,7.8018575,10557035705500,OTHER,
2.5784624,-5.346688,7.806078,10557085705500,OTHER,
2.5775194,-5.3409495,7.8103166,10557135705500,OTHER,
2.5765703,-5.3351765,7.814574,10557185705500,OTHER,
2.5756164,-5.329372,7.8188486,10557235705500,OTHER,
2.5746565,-5.3235354,7.823139,10557285705500,OTHER,
2.5736923,-5.3176694,7.827445,10557335705500,OTHER,
2.5727222,-5.311773,7.8317657,10557385705500,OTHER,
2.554728,-5.303061,7.8435516,10557435705500,OTHER,
2.5367532,-5.2943316,7.855274,10557485705500,OTHER,
2.518801,-5.2855887,7.8669295,10557535705500,OTHER,
2.5008752,-5.2768345,7.878517,10557585705500,OTHER,
2.482979,-5.2680683,7.8900356,10557635705500,OTHER,
2.4651163,-5.259295,7.9014816,10557685705500,OTHER,
2.4472888,-5.2505126,7.912856,10557735705500,OTHER,
2.4294999,-5.2417245,7.9241557,10557785705500,OTHER,
2.4117537,-5.232934,7.9353786,10557835705500,OTHER,
2.394052,-5.2241406,7.9465256,10557885705500,OTHER,
2.3763976,-5.2153444,7.957594,10557935705500,OTHER,
2.3587935,-5.2065506,7.9685826,10557985705500,OTHER,
2.3412428,-5.19776,7.9794908,10558035705500,OTHER,
2.3237464,-5.1889696,7.990318,10558085705500,OTHER,
2.3063085,-5.1801863,8.001062,10558135705500,OTHER,
2.2889304,-5.1714096,8.0117235,10558185705500,OTHER,
2.288376,-5.165458,8.01572,10558235705500,OTHER,
2.2878194,-5.159495,8.019719,10558285705500,OTHER,
2.2872608,-5.1535215,8.023718,10558335705500,OTHER,
2.2867007,-5.147538,8.027717,10558385705500,OTHER,
2.2861395,-5.141548,8.031715,10558435705500,OTHER,
2.2855766,-5.135549,8.035712,10558485705500,OTHER,
2.2850115,-5.129544,8.039708,10558535705500,OTHER,
2.2844448,-5.123532,8.0437,10558585705500,OTHER,
2.2838774,-5.1175175,8.047689,10558635705500,OTHER,
2.283309,-5.1115003,8.051675,10558685705500,OTHER,
2.2827384,-5.105478,8.0556555,10558735705500,OTHER,
2.282168,-5.0994563,8.05963,10558785705500,OTHER,
2.2815957,-5.093432,8.063601,10558835705500,OTHER,
2.2810233,-5.0874095,8.067564,10558885705500,OTHER,
2.2804496,-5.0813875,8.07152,10558935705500,OTHER,
2.2798753,-5.075367,8.075469,10558985705500,OTHER,
2.3525908,-4.9348793,8.141417,10559035705500,OTHER,
2.4063096,-4.829061,8.189032,10559085705500,OTHER,
2.4477189,-4.746333,8.225046,10559135705500,OTHER,
2.4806857,-4.6797667,8.253264,10559185705500,OTHER,
2.507606,-4.624959,8.275993,10559235705500,OTHER,
2.5300407,-4.578976,8.294713,10559285705500,OTHER,
2.549055,-4.539794,8.310413,10559335705500,OTHER,
2.5653977,-4.5059643,8.323786,10559385705500,OTHER,
2.579612,-4.4764276,8.335321,10559435705500,OTHER,
2.592104,-4.4503894,8.345384,10559485705500,OTHER,
2.6031775,-4.4272394,8.354245,10559535705500,OTHER,
2.613071,-4.406507,8.362114,10559585705500,OTHER,
2.6219697,-4.3878183,8.369153,10559635705500,OTHER,
2.6300228,-4.3708763,8.375488,10559685705500,OTHER,
2.6373477,-4.3554363,8.381227,10559735705500,OTHER,
2.6440432,-4.3413053,8.386447,10559785705500,OTHER,
2.650189,-4.3283167,8.391219,10559835705500,OTHER,
2.6558518,-4.3163357,8.395599,10559885705500,OTHER,
2.661087,-4.305248,8.399633,10559935705500,OTHER,
2.6659415,-4.2949557,8.403362,10559985705500,OTHER,
2.6704562,-4.2853775,8.406818,10560035705500,OTHER,
2.6746655,-4.2764416,8.410029,10560085705500,OTHER,
2.6785989,-4.268087,8.413021,10560135705500,OTHER,
2.682281,-4.260261,8.415814,10560185705500,OTHER,
2.685735,-4.252915,8.418427,10560235705500,OTHER,
2.68898,-4.2460117,8.4208765,10560285705500,OTHER,
2.692035,-4.2395124,8.423175,10560335705500,OTHER,
2.6949143,-4.233387,8.425335,10560385705500,OTHER,
2.6976295,-4.227604,8.427368,10560435705500,OTHER,
2.700196,-4.2221427,8.429285,10560485705500,OTHER,
2.7026227,-4.216976,8.431093,10560535705500,OTHER,
2.7049198,-4.2120857,8.432801,10560585705500,OTHER,
2.7036545,-4.2096496,8.434423,10560635705500,OTHER,
2.7024581,-4.2073407,8.435959,10560685705500,OTHER,
2.7013268,-4.205153,8.437411,10560735705500,OTHER,
2.7002559,-4.203076,8.438788,10560785705500,OTHER,
2.6992419,-4.201105,8.440094,10560835705500,OTHER,
2.6982808,-4.199234,8.441333,10560885705500,OTHER,
2.6973696,-4.1974564,8.442509,10560935705500,OTHER,
2.6965048,-4.1957655,8.443625,10560985705500,OTHER,
2.6956844,-4.194158,8.444686,10561035705500,OTHER,
2.6949053,-4.192628,8.445694,10561085705500,OTHER,
2.6941655,-4.1911726,8.446652,10561135705500,OTHER,
2.6934624,-4.189787,8.447564,10561185705500,OTHER,
2.692795,-4.188469,8.44843,10561235705500,OTHER,
2.6921594,-4.187212,8.449256,10561285705500,OTHER,
2.6915562,-4.1860156,8.450042,10561335705500,OTHER,
2.6909814,-4.1848745,8.450789,10561385705500,OTHER,
2.6736426,-4.193583,8.451975,10561435705500,OTHER,
2.657101,-4.2018886,8.453067,10561485705500,OTHER,
2.6413174,-4.20981,8.454072,10561535705500,OTHER,
2.6262567,-4.217367,8.454997,10561585705500,OTHER,
2.611883,-4.224577,8.455851,10561635705500,OTHER,
2.5981638,-4.2314553,8.456637,10561685705500,OTHER,
2.5850685,-4.23802,8.457364,10561735705500,OTHER,
2.5725667,-4.244283,8.4580345,10561785705500,OTHER,
2.560633,-4.250262,8.458653,10561835705500,OTHER,
2.5492382,-4.255971,8.459225,10561885705500,OTHER,
2.5383582,-4.2614207,8.459753,10561935705500,OTHER,
2.5279698,-4.2666235,8.460241,10561985705500,OTHER,
2.518049,-4.2715898,8.460693,10562035705500,OTHER,
2.5085766,-4.276333,8.461112,10562085705500,OTHER,
2.4995296,-4.280861,8.461498,10562135705500,OTHER,
2.4908907,-4.2851863,8.461857,10562185705500,OTHER,
1.5094845,-4.405766,8.630241,10562235705500,OTHER,
0.23041546,-4.396329,8.762966,10562285705500,OTHER,
-0.9700781,-4.087734,8.861138,10562335705500,OTHER,
-2.0245006,-3.5156283,8.928165,10562385705500,OTHER,
-2.8802533,-2.730301,8.967719,10562435705500,OTHER,
-3.5005689,-1.7932267,8.983359,10562485705500,OTHER,
-3.8652432,-0.7727222,8.979598,10562535705500,OTHER,
-3.9714751,0.26183644,8.962657,10562585705500,OTHER,
-3.8337255,1.246427,8.939763,10562635705500,OTHER,
-3.4814534,2.127533,8.917594,10562685705500,OTHER,
-2.9551063,2.8647425,8.901179,10562735705500,OTHER,
-2.3015969,3.431195,8.893815,10562785705500,OTHER,
-1.570062,3.8129723,8.897558,10562835705500,OTHER,
-0.8080657,4.0080943,8.913618,10562885705500,OTHER,
-0.058350265,4.0249586,8.9424095,10562935705500,OTHER,
0.6433362,3.8799417,8.98346,10562985705500,OTHER,
0.754728,3.8516552,8.986964,10563035705500,OTHER,
0.6011349,3.8779368,8.987248,10563085705500,OTHER,
0.45471492,3.9034002,8.984825,10563135705500,OTHER,
0.31512687,3.9278564,8.980146,10563185705500,OTHER,
0.18204555,3.9511757,8.973598,10563235705500,OTHER,
0.055158846,3.9732716,8.965515,10563285705500,OTHER,
-0.06583046,3.994092,8.956186,10563335705500,OTHER,
-0.1812047,4.013615,8.945862,10563385705500,OTHER,
-0.29123437,4.0318427,8.934753,10563435705500,OTHER,
-0.39617434,4.0487967,8.923042,10563485705500,OTHER,
-0.4962674,4.0645127,8.910883,10563535705500,OTHER,
-0.5917435,4.0790367,8.898409,10563585705500,OTHER,
-0.6828205,4.092424,8.885731,10563635705500,OTHER,
-0.7697058,4.1047316,8.872943,10563685705500,OTHER,
-0.8525946,4.116024,8.860126,10563735705500,OTHER,
-0.931674,4.126364,8.847343,10563785705500,OTHER,
-1.0071222,4.1358166,8.834654,10563835705500,OTHER,
-1.0791075,4.1444435,8.8221035,10563885705500,OTHER,
-1.1477903,4.152306,8.809729,10563935705500,OTHER,
-1.2133235,4.1594644,8.797562,10563985705500,OTHER,
-1.2758516,4.1659713,8.785628,10564035705500,OTHER,
-1.3355143,4.1718817,8.77395,10564085705500,OTHER,
-1.3924431,4.1772447,8.76254,10564135705500,OTHER,
-1.4467651,4.182105,8.751414,10564185705500,OTHER,
-1.498598,4.186506,8.7405815,10564235705500,OTHER,
-1.5480578,4.1904893,8.730046,10564285705500,OTHER,
-1.5952531,4.194092,8.719813,10564335705500,OTHER,
-1.6402873,4.1973457,8.7098875,10564385705500,OTHER,
-1.6832609,4.2002854,8.700266,10564435705500,OTHER,
-1.7242672,4.2029357,8.69095,10564485705500,OTHER,
-1.7633983,4.2053266,8.681937,10564535705500,OTHER,
-1.8007389,4.20748,8.673225,10564585705500,OTHER,
-1.7188334,4.636302,8.468808,10564635705500,OTHER,
-1.615551,5.048684,8.250525,10564685705500,OTHER,
-1.4952697,5.442764,8.019406,10564735705500,OTHER,
-1.3627613,5.817379,7.7763343,10564785705500,OTHER,
-1.222741,6.1719713,7.522106,10564835705500,OTHER,
-1.0794752,6.506442,7.2575016,10564885705500,OTHER,
-0.93653035,6.820995,6.983361,10564935705500,OTHER,
-0.7966347,7.1159754,6.700645,10564985705500,OTHER,
-0.661701,7.3917856,6.410464,10565035705500,OTHER,
-0.5329186,7.648838,6.1140547,10565085705500,OTHER,
-0.4108967,7.88754,5.812767,10565135705500,OTHER,
-0.29582918,8.108312,5.5080085,10565185705500,OTHER,
-0.1876251,8.311603,5.2011976,10565235705500,OTHER,
-0.08602409,8.497911,4.893719,10565285705500,OTHER,
0.009331892,8.667793,4.5869036,10565335705500,OTHER,
0.09883856,8.82186,4.281985,10565385705500,OTHER,
0.4020479,9.280701,3.1428227,10565435705500,OTHER,
0.9606898,9.673088,1.2956955,10565485705500,OTHER,
1.5415471,9.666839,-0.5884186,10565535705500,OTHER,
2.1234915,9.255281,-2.4496782,10565585705500,OTHER,
2.6824327,8.4340925,-4.2238684,10565635705500,OTHER,
3.189673,7.204943,-5.8382516,10565685705500,OTHER,
3.612122,5.582882,-7.207936,10565735705500,OTHER,
3.9147804,3.6072693,-8.236051,10565785705500,OTHER,
4.065156,1.3515571,-8.821462,10565835705500,OTHER,
4.037498,-1.074101,-8.872168,10565885705500,OTHER,
3.8149452,-3.5248554,-8.318172,10565935705500,OTHER,
3.391422,-5.821068,-7.126277,10565985705500,OTHER,
2.777079,-7.754035,-5.322886,10566035705500,OTHER,
2.0062048,-9.113254,-3.0156524,10566085705500,OTHER,
1.1406652,-9.732085,-0.39468372,10566135705500,OTHER,
0.26335314,-9.53123,2.2927468,10566185705500,OTHER,
0.7547734,-9.727912,0.98410404,10566235705500,OTHER,
1.822583,-9.421483,-2.0209475,10566285705500,OTHER,
2.8743992,-8.018002,-4.8600283,10566335705500,OTHER,
3.7681913,-5.573796,-7.1347,10566385705500,OTHER,
4.363572,-2.3476338,-8.462757,10566435705500,OTHER,
4.5599403,1.2085202,-8.597488,10566485705500,OTHER,
4.328481,4.5668244,-7.5218863,10566535705500,OTHER,
3.7159398,7.263834,-5.440488,10566585705500,OTHER,
2.8311443,8.990456,-2.706789,10566635705500,OTHER,
1.8145384,9.633336,0.27689883,10566685705500,OTHER,
0.79629916,9.251412,3.1539922,10566735705500,OTHER,
-0.12724458,8.006426,5.6613903,10566785705500,OTHER,
-0.8908096,6.097743,7.6285233,10566835705500,OTHER,
-1.4486456,3.728107,8.953939,10566885705500,OTHER,
-1.7692254,1.0924078,9.583677,10566935705500,OTHER,
-1.8352432,-1.6250787,9.495335,10566985705500,OTHER,
-1.7777034,0.40061593,9.635853,10567035705500,OTHER,
-1.3299584,4.311854,8.706865,10567085705500,OTHER,
-0.48883536,7.4257894,6.386633,10567135705500,OTHER,
0.5717618,9.259769,3.178074,10567185705500,OTHER,
1.6573987,9.660301,-0.3193848,10567235705500,OTHER,
2.617075,8.745273,-3.5835066,10567285705500,OTHER,
3.355628,6.778925,-6.241502,10567335705500,OTHER,
3.8116548,4.0832005,-8.060344,10567385705500,OTHER,
3.9514806,0.99067885,-8.920467,10567435705500,OTHER,
3.7713084,-2.1905487,-8.783455,10567485705500,OTHER,
3.2900672,-5.1701436,-7.656076,10567535705500,OTHER,
2.5453525,-7.6392694,-5.5976005,10567585705500,OTHER,
1.5970819,-9.274399,-2.7577546,10567635705500,OTHER,
0.5359817,-9.773837,0.5960149,10567685705500,OTHER,
-0.5027639,-8.915619,4.053311,10567735705500,OTHER,
-1.3461818,-6.658666,7.0725064,10567785705500,OTHER,
-1.2417837,-6.908848,6.848079,10567835705500,OTHER,
-0.6978439,-8.315696,5.150981,10567885705500,OTHER,
-0.02006196,-9.2987795,3.1149135,10567935705500,OTHER,
0.76842946,-9.741716,0.82394505,10567985705500,OTHER,
1.6266582,-9.538746,-1.592702,10568035705500,OTHER,
2.493197,-8.619049,-3.9580736,10568085705500,OTHER,
3.2908137,-6.9734507,-6.0590396,10568135705500,OTHER,
3.9355397,-4.6784263,-7.667742,10568185705500,OTHER,
4.3500543,-1.916613,-8.577527,10568235705500,OTHER,
4.482945,1.032403,-8.660699,10568285705500,OTHER,
4.322549,3.8549235,-7.91363,10568335705500,OTHER,
3.8947966,6.277295,-6.4495354,10568385705500,OTHER,
3.2545238,8.105493,-4.4586425,10568435705500,OTHER,
2.4764845,9.238652,-2.1644237,10568485705500,OTHER,
1.6404455,9.666026,0.21744916,10568535705500,OTHER,
0.81421036,9.445305,2.5087202,10568585705500,OTHER,
0.5468962,9.28565,3.106119,10568635705500,OTHER,
0.516279,9.317692,3.0140462,10568685705500,OTHER,
0.4884987,9.347168,2.9261231,10568735705500,OTHER,
0.46317047,9.374318,2.8421884,10568785705500,OTHER,
0.43997812,9.399344,2.7620852,10568835705500,OTHER,
0.41864246,9.4224415,2.685649,10568885705500,OTHER,
0.39893562,9.443779,2.612719,10568935705500,OTHER,
0.3806626,9.463502,2.5431452,10568985705500,OTHER,
0.3636594,9.481757,2.4767735,10569035705500,OTHER,
0.34778497,9.498666,2.4134593,10569085705500,OTHER,
0.33292,9.514339,2.3530622,10569135705500,OTHER,
0.31896046,9.528881,2.2954502,10569185705500,OTHER,
0.3058198,9.542383,2.2404914,10569235705500,OTHER,
0.2934215,9.554931,2.1880646,10569285705500,OTHER,
0.28170067,9.566596,2.1380522,10569335705500,OTHER,
0.27059972,9.577456,2.0903358,10569385705500,OTHER,
0.27641135,9.597182,1.9970164,10569435705500,OTHER,
0.28217092,9.615148,1.9078076,10569485705500,OTHER,
0.2878224,9.631505,1.8225404,10569535705500,OTHER,
0.29332274,9.646406,1.7410406,10569585705500,OTHER,
0.29864538,9.659975,1.6631498,10569635705500,OTHER,
0.30376464,9.672338,1.5887127,10569685705500,OTHER,
0.3086685,9.683598,1.5175796,10569735705500,OTHER,
0.31334642,9.693855,1.4496088,10569785705500,OTHER,
0.31779668,9.703201,1.3846593,10569835705500,OTHER,
0.3220172,9.711716,1.3226024,10569885705500,OTHER,
0.32601386,9.719472,1.2633108,10569935705500,OTHER,
0.329789,9.726542,1.2066602,10569985705500,OTHER,
0.33335137,9.732982,1.1525398,10570035705500,OTHER,
0.33670536,9.738849,1.100833,10570085705500,OTHER,
0.33986324,9.744198,1.0514319,10570135705500,OTHER,
0.3428338,9.74907,1.0042408,10570185705500,OTHER,
0.34562752,9.7535095,0.95915926,10570235705500,OTHER,
0.3482532,9.757555,0.91609603,10570285705500,OTHER,
0.35071987,9.761241,0.8749586,10570335705500,OTHER,
0.35303867,9.764602,0.8356623,10570385705500,OTHER,
0.3552169,9.767661,0.79812694,10570435705500,OTHER,
0.35726476,9.770451,0.7622718,10570485705500,OTHER,
0.3591881,9.772991,0.72802585,10570535705500,OTHER,
0.36099663,9.775305,0.69531596,10570585705500,OTHER,
0.36269787,9.777416,0.66407067,10570635705500,OTHER,
0.36429742,9.779337,0.63422906,10570685705500,OTHER,
0.36580345,9.781087,0.605726,10570735705500,OTHER,
0.3672209,9.782681,0.57850164,10570785705500,OTHER,
0.36855683,9.784135,0.5524995,10570835705500,OTHER,
0.3698159,9.785459,0.5276631,10570885705500,OTHER,
0.37099722,9.786664,0.50395054,10570935705500,OTHER,
0.37211102,9.787762,0.48130175,10570985705500,OTHER,
-0.28728783,9.790701,0.47959408,10571035705500,OTHER,
-1.0278239,9.740701,0.48236734,10571085705500,OTHER,
-1.7471336,9.637435,0.4876219,10571135705500,OTHER,
-2.4399538,9.485437,0.49343762,10571185705500,OTHER,
-3.1020513,9.289753,0.4981617,10571235705500,OTHER,
-3.7302175,9.0556755,0.50059915,10571285705500,OTHER,
-4.3221784,8.788578,0.5000281,10571335705500,OTHER,
-4.876516,8.493753,0.4961451,10571385705500,OTHER,
-5.392573,8.176272,0.48901278,10571435705500,OTHER,
-5.8703465,7.840921,0.4789397,10571485705500,OTHER,
-6.31038,7.4921293,0.46636897,10571535705500,OTHER,
-6.713679,7.1339183,0.45178282,10571585705500,OTHER,
-7.0816054,6.7698913,0.43566754,10571635705500,OTHER,
-7.4157977,6.403222,0.41846508,10571685705500,OTHER,
-7.7180734,6.0366626,0.40055883,10571735705500,OTHER,
-7.9903874,5.6725664,0.3822709,10571785705500,OTHER,
-7.7902436,5.9461994,0.35383448,10571835705500,OTHER,
-7.5220947,6.283309,0.32939738,10571885705500,OTHER,
-7.2428637,6.604221,0.3091899,10571935705500,OTHER,
-6.9542103,6.9082093,0.2931997,10571985705500,OTHER,
-6.6578264,7.194764,0.28119537,10572035705500,OTHER,
-6.355392,7.463578,0.27278116,10572085705500,OTHER,
-6.0485425,7.714532,0.26743397,10572135705500,OTHER,
-5.738856,7.9476986,0.26454586,10572185705500,OTHER,
-5.427819,8.163318,0.2634826,10572235705500,OTHER,
-5.116817,8.361763,0.26363048,10572285705500,OTHER,
-4.807127,8.543535,0.26442018,10572335705500,OTHER,
-4.4999022,8.709238,0.2653624,10572385705500,OTHER,
-4.196177,8.859552,0.26606384,10572435705500,OTHER,
-3.8968737,8.995214,0.26622868,10572485705500,OTHER,
-3.6027915,9.117001,0.26566696,10572535705500,OTHER,
-3.314622,9.225716,0.26426527,10572585705500,OTHER,
-2.977391,9.296989,0.9335531,10572635705500,OTHER,
-2.5166113,9.303018,1.8140908,10572685705500,OTHER,
-1.9554081,9.254299,2.5893478,10572735705500,OTHER,
-1.3135467,9.160001,3.2464392,10572785705500,OTHER,
-0.6115198,9.029343,3.7772214,10572835705500,OTHER,
0.13000205,8.871274,4.177796,10572885705500,OTHER,
0.8905745,8.694432,4.4479337,10572935705500,OTHER,
1.6503838,8.507204,4.5906534,10572985705500,OTHER,
2.3907907,8.317707,4.61197,10573035705500,OTHER,
3.095006,8.133571,4.520657,10573085705500,OTHER,
3.7487116,7.961624,4.3278284,10573135705500,OTHER,
4.340423,7.8075438,4.046403,10573185705500,OTHER,
4.8615246,7.675701,3.6904695,10573235705500,OTHER,
5.3060465,7.5691714,3.2747393,10573285705500,OTHER,
5.670343,7.4898624,2.8141742,10573335705500,OTHER,
5.952855,7.4387193,2.323658,10573385705500,OTHER,
6.0814323,7.4454613,1.9369223,10573435705500,OTHER,
6.1390004,7.476665,1.607029,10573485705500,OTHER,
6.16622,7.5158544,1.2884243,10573535705500,OTHER,
6.165476,7.5624056,0.98352534,10573585705500,OTHER,
6.1392426,7.615638,0.6943705,10573635705500,OTHER,
6.090054,7.6748304,0.42262045,10573685705500,OTHER,
6.020466,7.739228,0.16958734,10573735705500,OTHER,
5.9330173,7.8080482,-0.06375439,10573785705500,OTHER,
5.8302155,7.880509,-0.27673838,10573835705500,OTHER,
5.7144923,7.95582,-0.46895608,10573885705500,OTHER,
5.5882034,8.033207,-0.6402549,10573935705500,OTHER,
5.453608,8.111925,-0.7907266,10573985705500,OTHER,
5.3128443,8.191249,-0.92063135,10574035705500,OTHER,
5.167928,8.270498,-1.0304239,10574085705500,OTHER,
5.0207443,8.349042,-1.1207284,10574135705500,OTHER,
4.873032,8.426291,-1.1923048,10574185705500,OTHER,
4.7670436,8.4851265,-1.203457,10574235705500,OTHER,
4.682557,8.53374,-1.1913596,10574285705500,OTHER,
4.602099,8.579484,-1.176241,10574335705500,OTHER,
4.525614,8.622489,-1.1584154,10574385705500,OTHER,
4.453031,8.662879,-1.1381752,10574435705500,OTHER,
4.3842773,8.700777,-1.1158015,10574485705500,OTHER,
4.319267,8.736294,-1.0915595,10574535705500,OTHER,
4.257908,8.769546,-1.0656968,10574585705500,OTHER,
4.200099,8.800637,-1.0384376,10574635705500,OTHER,
4.1457376,8.829677,-1.010003,10574685705500,OTHER,
4.094717,8.856756,-0.9805893,10574735705500,OTHER,
4.04693,8.881976,-0.9503923,10574785705500,OTHER,
4.0022607,8.905431,-0.9195804,10574835705500,OTHER,
3.9605954,8.927205,-0.88830906,10574885705500,OTHER,
3.9218185,8.947387,-0.8567279,10574935705500,OTHER,
3.8858168,8.966063,-0.82497317,10574985705500,OTHER,
3.8721116,8.97517,-0.7896072,10575035705500,OTHER,
3.8673503,8.980275,-0.75412035,10575085705500,OTHER,
3.862744,8.985038,-0.72021866,10575135705500,OTHER,
3.8582928,8.989486,-0.6878367,10575185705500,OTHER,
3.8539944,8.993642,-0.6569038,10575235705500,OTHER,
3.849846,8.997529,-0.62736034,10575285705500,OTHER,
3.845844,9.001161,-0.59913844,10575335705500,OTHER,
3.8419876,9.004562,-0.572185,10575385705500,OTHER,
3.838272,9.007745,-0.546438,10575435705500,OTHER,
3.8346949,9.010727,-0.5218477,10575485705500,OTHER,
3.8312514,9.01352,-0.4983593,10575535705500,OTHER,
3.8279397,9.01614,-0.47592768,10575585705500,OTHER,
3.8247557,9.018598,-0.4545026,10575635705500,OTHER,
3.8216934,9.020902,-0.4340379,10575685705500,OTHER,
3.818752,9.0230665,-0.41449383,10575735705500,OTHER,
3.8159256,9.0251,-0.3958271,10575785705500,OTHER,
3.8132122,9.02701,-0.37799862,10575835705500,OTHER,
3.8106077,9.028809,-0.36097443,10575885705500,OTHER,
3.808107,9.0304985,-0.3447136,10575935705500,OTHER,
3.8057082,9.032088,-0.32918462,10575985705500,OTHER,
3.8034074,9.0335865,-0.31435353,10576035705500,OTHER,
3.8012004,9.034996,-0.30018649,10576085705500,OTHER,
3.7990842,9.036325,-0.28666008,10576135705500,OTHER,
3.7970567,9.03758,-0.27374214,10576185705500,OTHER,
3.795113,9.038761,-0.26140344,10576235705500,OTHER,
3.79325,9.039877,-0.2496195,10576285705500,OTHER,
3.7914658,9.04093,-0.23836686,10576335705500,OTHER,
3.7897558,9.041923,-0.22761926,10576385705500,OTHER,
3.7881181,9.042861,-0.21735506,10576435705500,OTHER,
3.7865498,9.043747,-0.20755263,10576485705500,OTHER,
3.7850487,9.044587,-0.19819325,10576535705500,OTHER,
3.7836108,9.045378,-0.1892524,10576585705500,OTHER,
3.7822354,9.046131,-0.18071781,10576635705500,OTHER,
3.7809174,9.046839,-0.17256314,10576685705500,OTHER,
3.779656,9.04751,-0.16477555,10576735705500,OTHER,
3.77845,9.048147,-0.15734102,10576785705500,OTHER,
3.777296,9.04875,-0.15024084,10576835705500,OTHER,
3.7761915,9.049321,-0.14345862,10576885705500,OTHER,
3.7751348,9.049861,-0.13698153,10576935705500,OTHER,
3.7741246,9.050375,-0.1307973,10576985705500,OTHER,
3.7731574,9.05086,-0.1248907,10577035705500,OTHER,
3.7722325,9.051323,-0.11925124,10577085705500,OTHER,
3.7713487,9.051762,-0.11386604,10577135705500,OTHER,
3.7705023,9.052175,-0.10872049,10577185705500,OTHER,
3.7696934,9.05257,-0.103809334,10577235705500,OTHER,
3.7689204,9.052945,-0.099118546,10577285705500,OTHER,
3.7681813,9.053301,-0.09463877,10577335705500,OTHER,
3.7674744,9.053639,-0.090361826,10577385705500,OTHER,
3.7667992,9.053961,-0.0862766,10577435705500,OTHER,
3.7661526,9.054264,-0.082373165,10577485705500,OTHER,
3.765535,9.054555,-0.07864742,10577535705500,OTHER,
3.7649453,9.054831,-0.07508885,10577585705500,OTHER,
3.764381,9.055093,-0.07169103,10577635705500,OTHER,
3.7638416,9.055342,-0.068445764,10577685705500,OTHER,
3.7633262,9.055579,-0.0653478,10577735705500,OTHER,
3.7628334,9.055803,-0.062386606,10577785705500,OTHER,
3.7623622,9.056018,-0.059561614,10577835705500,OTHER,
3.7619126,9.056223,-0.056862876,10577885705500,OTHER,
3.7614825,9.056418,-0.0542863,10577935705500,OTHER,
3.7610717,9.0566025,-0.05182488,10577985705500,OTHER,
3.7606788,9.056779,-0.049473934,10578035705500,OTHER,
3.7603035,9.056947,-0.04722937,10578085705500,OTHER,
3.7599454,9.057106,-0.045085344,10578135705500,OTHER,
3.7596028,9.057259,-0.043039516,10578185705500,OTHER,
3.759276,9.0574045,-0.041086044,10578235705500,OTHER,
3.758963,9.057542,-0.039218497,10578285705500,OTHER,
3.7586644,9.0576725,-0.037435707,10578335705500,OTHER,
3.7583787,9.057798,-0.035732992,10578385705500,OTHER,
3.758106,9.057919,-0.03410802,10578435705500,OTHER,
3.7578459,9.058032,-0.0325567,10578485705500,OTHER,
3.7575972,9.05814,-0.031074353,10578535705500,OTHER,
3.7573593,9.058243,-0.029657472,10578585705500,OTHER,
3.7571328,9.058343,-0.028306643,10578635705500,OTHER,
3.7569163,9.058436,-0.027016602,10578685705500,OTHER,
3.7567089,9.058525,-0.025782092,10578735705500,OTHER,
3.7565112,9.05861,-0.024604864,10578785705500,OTHER,
3.7563226,9.058692,-0.023481414,10578835705500,OTHER,
3.756142,9.058769,-0.022405893,10578885705500,OTHER,
3.755969,9.058844,-0.021381227,10578935705500,OTHER,
3.7558045,9.058914,-0.020403322,10578985705500,OTHER,
3.7556477,9.058981,-0.019468086,10579035705500,OTHER,
3.7554977,9.059046,-0.018574936,10579085705500,OTHER,
3.7553542,9.059107,-0.017721536,10579135705500,OTHER,
3.7552166,9.059164,-0.016906127,10579185705500,OTHER,
3.755085,9.05922,-0.016128713,10579235705500,OTHER,
3.7549598,9.059274,-0.015385785,10579285705500,OTHER,
3.7548406,9.059324,-0.014676176,10579335705500,OTHER,
3.7547264,9.059373,-0.013999299,10579385705500,OTHER,
3.7546167,9.059419,-0.013352234,10579435705500,OTHER,
3.7545133,9.059464,-0.012736147,10579485705500,OTHER,
3.7544134,9.0595045,-0.012144027,10579535705500,OTHER,
3.7543187,9.059546,-0.011582886,10579585705500,OTHER,
3.7542274,9.059584,-0.011042788,10579635705500,OTHER,
3.7541406,9.05962,-0.010528408,10579685705500,OTHER,
3.754058,9.059655,-0.010038579,10579735705500,OTHER,
3.753979,9.059689,-0.009570962,10579785705500,OTHER,
3.7539032,9.059719,-0.009122633,10579835705500,OTHER,
3.7538319,9.0597515,-0.008696517,10579885705500,OTHER,
3.7537627,9.059779,-0.008287936,10579935705500,OTHER,
3.7536967,9.059807,-0.007898645,10579985705500,OTHER,
3.7536342,9.0598345,-0.007526304,10580035705500,OTHER,
3.7535737,9.059858,-0.0071697454,10580085705500,OTHER,
3.7535167,9.059882,-0.0068301386,10580135705500,OTHER,
3.7534623,9.059905,-0.006506313,10580185705500,OTHER,
3.7534103,9.059928,-0.0061982702,10580235705500,OTHER,
3.75336,9.059947,-0.005901918,10580285705500,OTHER,
3.7533123,9.059967,-0.0056195934,10580335705500,OTHER,
3.753267,9.059988,-0.0053507136,10580385705500,OTHER,
3.753223,9.060004,-0.0050929394,10580435705500,OTHER,
3.7531824,9.060022,-0.004848025,10580485705500,OTHER,
3.7531428,9.0600395,-0.004614216,10580535705500,OTHER,
3.7531047,9.060054,-0.0043891747,10580585705500,OTHER,
3.7530684,9.06007,-0.0041758246,10580635705500,OTHER,
3.7530334,9.060083,-0.0039700726,10580685705500,OTHER,
3.7530012,9.060099,-0.0037771806,10580735705500,OTHER,
3.7529693,9.060111,-0.0035895489,10580785705500,OTHER,
3.752939,9.060124,-0.0034106853,10580835705500,OTHER,
3.7529106,9.060136,-0.003241174,10580885705500,OTHER,
3.7528827,9.060146,-0.0030780924,10580935705500,OTHER,
3.7528565,9.060158,-0.0029237785,10580985705500,OTHER,
3.7528317,9.060168,-0.0027758945,10581035705500,OTHER,
3.752808,9.060179,-0.0026356094,10581085705500,OTHER,
3.7527854,9.060187,-0.0025000002,10581135705500,OTHER,
3.7527637,9.060197,-0.00237199,10581185705500,OTHER,
3.7527435,9.060205,-0.0022480711,10581235705500,OTHER,
3.7527235,9.060213,-0.0021305822,10581285705500,OTHER,
3.7527041,9.060221,-0.002017185,10581335705500,OTHER,
3.752686,9.060228,-0.001909633,10581385705500,OTHER,
3.7526686,9.060235,-0.0018073417,10581435705500,OTHER,
3.7526517,9.060242,-0.0017097265,10581485705500,OTHER,
3.752636,9.060249,-0.0016156185,10581535705500,OTHER,
3.7526207,9.060255,-0.0015267712,10581585705500,OTHER,
3.7526064,9.060262,-0.001441431,10581635705500,OTHER,
3.7525923,9.0602665,-0.0013595979,10581685705500,OTHER,
3.7525792,9.060273,-0.0012830256,10581735705500,OTHER,
3.7525668,9.060279,-0.0012099603,10581785705500,OTHER,
3.7525547,9.060284,-0.0011380642,10581835705500,OTHER,
3.7525434,9.060288,-0.0010702596,10581885705500,OTHER,
3.7525325,9.060293,-0.0010059621,10581935705500,OTHER,
3.752522,9.060296,-9.4283384E-4,10581985705500,OTHER,
3.7525125,9.060302,-8.855507E-4,10582035705500,OTHER,
3.7525027,9.060304,-8.2826754E-4,10582085705500,OTHER,
3.7524939,9.060309,-7.7566056E-4,10582135705500,OTHER,
3.752485,9.060311,-7.230536E-4,10582185705500,OTHER,
3.7523062,9.060387,3.5948097E-4,10598035705500,PICKUP,
3.7523062,9.060387,3.600655E-4,10598085705500,PICKUP,
3.7523062,9.060387,3.6065E-4,10598135705500,PICKUP,
3.7523065,9.060389,3.600655E-4,10598185705500,PICKUP,
3.7523065,9.060388,3.600655E-4,10598235705500,PICKUP,
3.7523055,9.060386,3.6240357E-4,10598285705500,PICKUP,
3.7523062,9.060387,3.6123453E-4,10598335705500,PICKUP,
3.7523055,9.060386,3.6181905E-4,10598385705500,PICKUP,
3.752306,9.060387,3.6123453E-4,10598435705500,PICKUP,
3.7523053,9.060386,3.6181905E-4,10598485705500,PICKUP,
3.7523055,9.060388,3.600655E-4,10598535705500,PICKUP,
3.7523053,9.060387,3.6065E-4,10598585705500,PICKUP,
3.7523055,9.060388,3.600655E-4,10598635705500,PICKUP,
3.752306,9.060387,3.6065E-4,10598685705500,PICKUP,
3.7523062,9.060387,3.6123453E-4,10598735705500,PICKUP,
3.7523053,9.060386,3.6123453E-4,10598785705500,PICKUP,
3.7523055,9.060387,3.600655E-4,10598835705500,PICKUP,
3.7523053,9.060385,3.6240357E-4,10598885705500,PICKUP,
3.7523055,9.060387,3.6181905E-4,10598935705500,PICKUP,
3.752305,9.060385,3.6240357E-4,10598985705500,PICKUP,
3.7523055,9.060387,3.6123453E-4,10599035705500,PICKUP,
3.7523053,9.060386,3.6123453E-4,10599085705500,PICKUP,
3.7523055,9.060388,3.6065E-4,10599135705500,PICKUP,
3.7523055,9.060387,3.6123453E-4,10599185705500,PICKUP,
3.7523062,9.060388,3.600655E-4,10599235705500,PICKUP,
3.7523062,9.060387,3.600655E-4,10599285705500,PICKUP,
3.7523055,9.060386,3.6123453E-4,10599335705500,PICKUP,
3.7523055,9.060387,3.600655E-4,10599385705500,PICKUP,
3.7523055,9.060387,3.6065E-4,10599435705500,PICKUP,
3.752306,9.060387,3.600655E-4,10599485705500,PICKUP,
3.752306,9.060387,3.600655E-4,10599535705500,PICKUP,
3.752306,9.060387,3.6065E-4,10599585705500,PICKUP,
3.7523055,9.060386,3.6123453E-4,10599635705500,PICKUP,
3.7523055,9.060385,3.6181905E-4,10599685705500,PICKUP,
3.752306,9.060387,3.6123453E-4,10599735705500,PICKUP,
3.7523062,9.060388,3.600655E-4,10599785705500,PICKUP,
3.7523062,9.060387,3.600655E-4,10599835705500,PICKUP,
3.7523055,9.060385,3.6240357E-4,10599885705500,PICKUP,
3.752306,9.060387,3.6123453E-4,10599935705500,PICKUP,
3.7523053,9.060385,3.6240357E-4,10599985705500,PICKUP,
3.7523055,9.060387,3.6123453E-4,10600035705500,PICKUP,
3.752305,9.060386,3.6181905E-4,10600085705500,PICKUP,
3.7523055,9.060388,3.600655E-4,10600135705500,PICKUP,
3.7523055,9.060387,3.6123453E-4,10600185705500,PICKUP,
3.7523062,9.060388,3.600655E-4,10600235705500,PICKUP,
3.7523062,9.060387,3.6065E-4,10600285705500,PICKUP,
3.7523055,9.060386,3.6065E-4,10600335705500,PICKUP,
3.752306,9.060388,3.600655E-4,10600385705500,PICKUP,
3.7523053,9.060385,3.6240357E-4,10600435705500,PICKUP,
3.752306,9.060387,3.6123453E-4,10600485705500,PICKUP,
3.7523053,9.060386,3.6181905E-4,10600535705500,PICKUP,
3.7523055,9.060387,3.6123453E-4,10600585705500,PICKUP,
3.7523055,9.060386,3.6123453E-4,10600635705500,PICKUP,
3.7523055,9.060387,3.600655E-4,10600685705500,PICKUP,
3.752306,9.060387,3.6065E-4,10600735705500,PICKUP,
3.7523062,9.060387,3.600655E-4,10600785705500,PICKUP,
3.7523062,9.060387,3.600655E-4,10600835705500,PICKUP,
3.7523055,9.060385,3.6240357E-4,10600885705500,PICKUP,
3.7523062,9.060387,3.6123453E-4,10600935705500,PICKUP,
3.7523053,9.060385,3.6181905E-4,10600985705500,PICKUP,
3.752306,9.060387,3.6123453E-4,10601035705500,PICKUP,
3.7523055,9.060385,3.6181905E-4,10601085705500,PICKUP,
3.7523055,9.060387,3.600655E-4,10601135705500,PICKUP,
3.752305,9.060387,3.6065E-4,10601185705500,PICKUP,
3.7523055,9.060388,3.600655E-4,10601235705500,PICKUP,
3.752306,9.060387,3.6065E-4,10601285705500,PICKUP,
3.7523062,9.060387,3.6123453E-4,10601335705500,PICKUP,
3.7523062,9.060388,3.5948097E-4,10601385705500,PICKUP,
3.7523055,9.060385,3.6181905E-4,10601435705500,PICKUP,
3.752306,9.060387,3.6123453E-4,10601485705500,PICKUP,
3.7523055,9.060386,3.6181905E-4,10601535705500,PICKUP,
3.752306,9.060387,3.6065E-4,10601585705500,PICKUP,
3.7523053,9.060386,3.6123453E-4,10601635705500,PICKUP,
3.7523055,9.060387,3.600655E-4,10601685705500,PICKUP,
3.752306,9.060387,3.6065E-4,10601735705500,PICKUP,
3.7523055,9.060387,3.6123453E-4,10601785705500,PICKUP,
3.7523055,9.060386,3.6181905E-4,10601835705500,PICKUP,
3.7523053,9.060386,3.6240357E-4,10601885705500,PICKUP,
3.7523055,9.060387,3.6123453E-4,10601935705500,PICKUP,
3.752305,9.060385,3.6357262E-4,10601985705500,PICKUP,
3.7523055,9.060387,3.6240357E-4,10602035705500,PICKUP,
3.752305,9.060386,3.629881E-4,10602085705500,PICKUP,
3.7523053,9.060387,3.6240357E-4,10602135705500,PICKUP,
3.752305,9.060386,3.6240357E-4,10602185705500,PICKUP,
3.7523053,9.060388,3.6123453E-4,10602235705500,PICKUP,
3.752305,9.060387,3.6181905E-4,10602285705500,PICKUP,
3.7523053,9.060388,3.6123453E-4,10602335705500,PICKUP,
3.7523055,9.060387,3.6181905E-4,10602385705500,PICKUP,
3.752305,9.060387,3.6181905E-4,10602435705500,PICKUP,
3.7523055,9.060388,3.6065E-4,10602485705500,PICKUP,
3.752305,9.060385,3.629881E-4,10602535705500,PICKUP,
3.7523053,9.060387,3.6240357E-4,10602585705500,PICKUP,
3.752305,9.060386,3.629881E-4,10602635705500,PICKUP,
3.7523053,9.060387,3.6181905E-4,10602685705500,PICKUP,
3.752305,9.060386,3.6181905E-4,10602735705500,PICKUP,
3.7523055,9.060387,3.6123453E-4,10602785705500,PICKUP,
3.7523055,9.060387,3.6181905E-4,10602835705500,PICKUP,
3.752305,9.060386,3.6240357E-4,10602885705500,PICKUP,
3.7523055,9.060387,3.6123453E-4,10602935705500,PICKUP,
3.752305,9.060387,3.6181905E-4,10602985705500,PICKUP,
3.7516572,9.060654,0.002227613,10603035705500,PICKUP,
3.7509985,9.060926,0.0041255555,10603085705500,PICKUP,
3.7503304,9.061202,0.0060521397,10603135705500,PICKUP,
3.7496543,9.0614805,0.008002689,10603185705500,PICKUP,
3.7489712,9.061762,0.009974866,10603235705500,PICKUP,
3.7482812,9.062043,0.011966332,10603285705500,PICKUP,
3.7475867,9.062328,0.013971242,10603335705500,PICKUP,
3.7468889,9.0626135,0.015989011,10603385705500,PICKUP,
3.746188,9.0629,0.018014966,10603435705500,PICKUP,
3.745484,9.063186,0.020047933,10603485705500,PICKUP,
3.744781,9.063473,0.022083238,10603535705500,PICKUP,
3.7440772,9.063757,0.024120295,10603585705500,PICKUP,
3.743375,9.064042,0.026153848,10603635705500,PICKUP,
3.7426732,9.064325,0.028185062,10603685705500,PICKUP,
3.7419748,9.064608,0.030208677,10603735705500,PICKUP,
3.7412791,9.064888,0.032223523,10603785705500,PICKUP,
3.7438414,9.063854,0.024725277,10603835705500,PICKUP,
3.7463298,9.062842,0.017432781,10603885705500,PICKUP,
3.7487452,9.061852,0.010341361,10603935705500,PICKUP,
3.7510922,9.060888,0.0034434185,10603985705500,PICKUP,
3.7533715,9.059946,-0.0032628013,10604035705500,PICKUP,
3.7555835,9.059024,-0.009780221,10604085705500,PICKUP,
3.7577307,9.058125,-0.016114684,10604135705500,PICKUP,
3.759815,9.057246,-0.02226853,10604185705500,PICKUP,
3.7618375,9.056389,-0.028245851,10604235705500,PICKUP,
3.7638009,9.055554,-0.034055416,10604285705500,PICKUP,
3.7657046,9.054738,-0.039694883,10604335705500,PICKUP,
3.7675533,9.053945,-0.045174774,10604385705500,PICKUP,
3.7693465,9.05317,-0.05049334,10604435705500,PICKUP,
3.7710857,9.052416,-0.055658177,10604485705500,PICKUP,
3.7727726,9.051679,-0.060672205,10604535705500,PICKUP,
3.7744093,9.050962,-0.065538935,10604585705500,PICKUP,
3.7784846,9.049167,-0.077682376,10604635705500,PICKUP,
3.7825658,9.047347,-0.089866154,10604685705500,PICKUP,
3.7866504,9.045509,-0.10208207,10604735705500,PICKUP,
3.790734,9.0436535,-0.11431787,10604785705500,PICKUP,
3.794812,9.041779,-0.12655717,10604835705500,PICKUP,
3.798882,9.039892,-0.13879532,10604885705500,PICKUP,
3.80294,9.037988,-0.15101883,10604935705500,PICKUP,
3.8069832,9.036075,-0.16322014,10604985705500,PICKUP,
3.8110092,9.034149,-0.17538872,10605035705500,PICKUP,
3.8150144,9.032216,-0.1875158,10605085705500,PICKUP,
3.8189945,9.030273,-0.19959027,10605135705500,PICKUP,
3.8229496,9.028327,-0.21161038,10605185705500,PICKUP,
3.826877,9.026376,-0.22356443,10605235705500,PICKUP,
3.8307729,9.024418,-0.23544425,10605285705500,PICKUP,
3.8346376,9.022462,-0.24724866,10605335705500,PICKUP,
3.8384676,9.020506,-0.25896716,10605385705500,PICKUP,
3.848025,9.015533,-0.2885773,10605435705500,PICKUP,
3.856775,9.0108795,-0.31580666,10605485705500,PICKUP,
3.864822,9.0065155,-0.34094226,10605535705500,PICKUP,
3.8722496,9.002413,-0.36422494,10605585705500,PICKUP,
3.8791294,8.998547,-0.385854,10605635705500,PICKUP,
3.8855228,8.994902,-0.40600833,10605685705500,PICKUP,
3.8914824,8.991455,-0.42483577,10605735705500,PICKUP,
3.8970501,8.9881935,-0.4424638,10605785705500,PICKUP,
3.9022653,8.985101,-0.45900342,10605835705500,PICKUP,
3.9071634,8.982165,-0.4745587,10605885705500,PICKUP,
3.9117675,8.979373,-0.4892045,10605935705500,PICKUP,
3.9161067,8.976717,-0.50302666,10605985705500,PICKUP,
3.920203,8.974189,-0.51608664,10606035705500,PICKUP,
3.9240746,8.971776,-0.52844226,10606085705500,PICKUP,
3.927741,8.969474,-0.5401514,10606135705500,PICKUP,
3.931218,8.967278,-0.551262,10606185705500,PICKUP,
3.9286783,8.968877,-0.5432605,10606235705500,PICKUP,
3.9261034,8.970492,-0.5351491,10606285705500,PICKUP,
3.9234931,8.972118,-0.5269342,10606335705500,PICKUP,
3.9208534,8.973759,-0.5186293,10606385705500,PICKUP,
3.918183,8.975404,-0.5102327,10606435705500,PICKUP,
3.9154878,8.97706,-0.5017629,10606485705500,PICKUP,
3.9127667,8.97872,-0.4932219,10606535705500,PICKUP,
3.910025,8.980383,-0.48461893,10606585705500,PICKUP,
3.907262,8.982048,-0.47595865,10606635705500,PICKUP,
3.9044824,8.983713,-0.4672528,10606685705500,PICKUP,
3.9016871,8.985378,-0.45850658,10606735705500,PICKUP,
3.8988802,8.98704,-0.44972646,10606785705500,PICKUP,
3.8960614,8.9887,-0.44092125,10606835705500,PICKUP,
3.8932323,8.990353,-0.4320932,10606885705500,PICKUP,
3.8903964,8.992001,-0.42325172,10606935705500,PICKUP,
3.8875558,8.993643,-0.41440383,10606985705500,PICKUP,
3.877814,8.999262,-0.3824182,10607035705500,PICKUP,
3.8691297,9.0041485,-0.35430562,10607085705500,PICKUP,
3.8613377,9.008439,-0.3293816,10607135705500,PICKUP,
3.8543057,9.012236,-0.30711424,10607185705500,PICKUP,
3.847929,9.01562,-0.28709143,10607235705500,PICKUP,
3.842118,9.018658,-0.26897594,10607285705500,PICKUP,
3.8367994,9.021398,-0.25250003,10607335705500,PICKUP,
3.831913,9.023883,-0.23744331,10607385705500,PICKUP,
3.827409,9.026147,-0.22363107,10607435705500,PICKUP,
3.823244,9.028218,-0.21091011,10607485705500,PICKUP,
3.8193812,9.030121,-0.19915538,10607535705500,PICKUP,
3.815789,9.031874,-0.18825755,10607585705500,PICKUP,
3.8124406,9.033491,-0.1781278,10607635705500,PICKUP,
3.8093123,9.034991,-0.16868952,10607685705500,PICKUP,
3.8063855,9.036387,-0.15987785,10607735705500,PICKUP,
3.8036401,9.037684,-0.15162908,10607785705500,PICKUP,
3.8010623,9.038896,-0.14389761,10607835705500,PICKUP,
3.7986376,9.040028,-0.13663784,10607885705500,PICKUP,
3.7963533,9.041087,-0.12980945,10607935705500,PICKUP,
3.7941988,9.04208,-0.123377375,10607985705500,PICKUP,
3.7921665,9.043016,-0.11731647,10608035705500,PICKUP,
3.7902446,9.043894,-0.11159283,10608085705500,PICKUP,
3.788427,9.04472,-0.10618308,10608135705500,PICKUP,
3.786706,9.045498,-0.10106676,10608185705500,PICKUP,
3.7850754,9.046234,-0.096225165,10608235705500,PICKUP,
3.783529,9.046927,-0.091636084,10608285705500,PICKUP,
3.782062,9.0475855,-0.08728724,10608335705500,PICKUP,
3.7806695,9.048204,-0.08315876,10608385705500,PICKUP,
3.7793467,9.048793,-0.07924305,10608435705500,PICKUP,
3.7780895,9.04935,-0.07552315,10608485705500,PICKUP,
3.7768943,9.049877,-0.071987376,10608535705500,PICKUP,
3.7757578,9.050378,-0.068627544,10608585705500,PICKUP,
3.7777376,9.049506,-0.07451368,10608635705500,PICKUP,
3.7797909,9.048596,-0.080621354,10608685705500,PICKUP,
3.7819164,9.04765,-0.08695231,10608735705500,PICKUP,
3.7841127,9.046666,-0.09349778,10608785705500,PICKUP,
3.786378,9.045646,-0.100258365,10608835705500,PICKUP,
3.788711,9.044587,-0.107225865,10608885705500,PICKUP,
3.7911115,9.043495,-0.11440204,10608935705500,PICKUP,
3.7935762,9.042365,-0.12177929,10608985705500,PICKUP,
3.796105,9.041199,-0.12935352,10609035705500,PICKUP,
3.7986953,9.039996,-0.13712299,10609085705500,PICKUP,
3.801346,9.038757,-0.14508185,10609135705500,PICKUP,
3.8040557,9.037483,-0.15322599,10609185705500,PICKUP,
3.8068218,9.036173,-0.16155133,10609235705500,PICKUP,
3.8096435,9.034826,-0.17005438,10609285705500,PICKUP,
3.8125198,9.033447,-0.17873277,10609335705500,PICKUP,
3.815448,9.03203,-0.18757659,10609385705500,PICKUP,
3.8109934,9.034185,-0.17388883,10609435705500,PICKUP,
3.8070152,9.036089,-0.1617378,10609485705500,PICKUP,
3.8034387,9.037783,-0.15086861,10609535705500,PICKUP,
3.8002043,9.0393,-0.14108312,10609585705500,PICKUP,
3.7972646,9.040669,-0.13222235,10609635705500,PICKUP,
3.794579,9.041909,-0.12415537,10609685705500,PICKUP,
3.7921174,9.043042,-0.11678222,10609735705500,PICKUP,
3.7898512,9.044077,-0.110009946,10609785705500,PICKUP,
3.787757,9.045027,-0.103767835,10609835705500,PICKUP,
3.785818,9.045905,-0.097999185,10609885705500,PICKUP,
3.7840157,9.046715,-0.09264614,10609935705500,PICKUP,
3.782336,9.047464,-0.08766659,10609985705500,PICKUP,
3.7807698,9.048164,-0.083030164,10610035705500,PICKUP,
3.779304,9.048817,-0.07869535,10610085705500,PICKUP,
3.7779298,9.049424,-0.07463702,10610135705500,PICKUP,
3.77664,9.049993,-0.07083061,10610185705500,PICKUP,
3.7754269,9.050528,-0.06725626,10610235705500,PICKUP,
3.7742848,9.051027,-0.063893504,10610285705500,PICKUP,
3.7732081,9.051498,-0.06072598,10610335705500,PICKUP,
3.7721915,9.051941,-0.057736736,10610385705500,PICKUP,
3.7712312,9.052359,-0.05491525,10610435705500,PICKUP,
3.7703235,9.052753,-0.052249826,10610485705500,PICKUP,
3.7694635,9.053124,-0.04972528,10610535705500,PICKUP,
3.768649,9.053477,-0.047336336,10610585705500,PICKUP,
3.7539692,9.059695,-0.0044815294,10613035705500,PUTDOWN,
3.7538943,9.059729,-0.004264672,10613085705500,PUTDOWN,
3.7538223,9.059757,-0.0040548285,10613135705500,PUTDOWN,
3.7537541,9.059786,-0.003856091,10613185705500,PUTDOWN,
3.7536888,9.0598135,-0.0036661213,10613235705500,PUTDOWN,
3.7536266,9.059839,-0.0034849197,10613285705500,PUTDOWN,
3.7535665,9.059862,-0.003309563,10613335705500,PUTDOWN,
3.7535098,9.059888,-0.0031458968,10613385705500,PUTDOWN,
3.7534559,9.059911,-0.0029880758,10613435705500,PUTDOWN,
3.7534034,9.059931,-0.0028361003,10613485705500,PUTDOWN,
3.7533536,9.059952,-0.0026923078,10613535705500,PUTDOWN,
3.7533069,9.059973,-0.0025555298,10613585705500,PUTDOWN,
3.7532613,9.05999,-0.0024234278,10613635705500,PUTDOWN,
3.753218,9.060008,-0.0022971712,10613685705500,PUTDOWN,
3.7531772,9.060025,-0.0021767595,10613735705500,PUTDOWN,
3.7531374,9.06004,-0.0020610243,10613785705500,PUTDOWN,
3.7531,9.060058,-0.0019528876,10613835705500,PUTDOWN,
3.7530644,9.060073,-0.0018482582,10613885705500,PUTDOWN,
3.7530298,9.060085,-0.001748305,10613935705500,PUTDOWN,
3.7529974,9.060101,-0.0016547815,10613985705500,PUTDOWN,
3.7529655,9.060112,-0.0015630116,10614035705500,PUTDOWN,
3.7529356,9.060125,-0.0014765023,10614085705500,PUTDOWN,
3.7529078,9.060139,-0.0013952538,10614135705500,PUTDOWN,
3.75288,9.060148,-0.0013145898,10614185705500,PUTDOWN,
3.7528536,9.060159,-0.0012374328,10614235705500,PUTDOWN,
3.7528293,9.060169,-0.0011672903,10614285705500,PUTDOWN,
3.752806,9.06018,-0.0010983166,10614335705500,PUTDOWN,
3.7527828,9.060188,-0.0010316812,10614385705500,PUTDOWN,
3.752761,9.060198,-9.685528E-4,10614435705500,PUTDOWN,
3.7527404,9.060206,-9.0893154E-4,10614485705500,PUTDOWN,
3.7527206,9.060215,-8.516484E-4,10614535705500,PUTDOWN,
3.752702,9.060223,-7.9728785E-4,10614585705500,PUTDOWN,
3.7526834,9.060228,-7.429273E-4,10614635705500,PUTDOWN,
3.7526662,9.060237,-6.938275E-4,10614685705500,PUTDOWN,
3.7526505,9.060244,-6.4706575E-4,10614735705500,PUTDOWN,
3.7526348,9.060251,-6.0205755E-4,10614785705500,PUTDOWN,
3.75262,9.060257,-5.588029E-4,10614835705500,PUTDOWN,
3.7526062,9.060263,-5.167174E-4,10614885705500,PUTDOWN,
3.752592,9.060267,-4.752163E-4,10614935705500,PUTDOWN,
3.7525797,9.060274,-4.3897596E-4,10614985705500,PUTDOWN,
3.7525673,9.060279,-4.0273558E-4,10615035705500,PUTDOWN,
3.752555,9.060283,-3.6649522E-4,10615085705500,PUTDOWN,
3.7525442,9.060288,-3.3551556E-4,10615135705500,PUTDOWN,
3.752533,9.060291,-3.0278234E-4,10615185705500,PUTDOWN,
3.752523,9.060298,-2.753098E-4,10615235705500,PUTDOWN,
3.7525125,9.060301,-2.4491467E-4,10615285705500,PUTDOWN,
3.7525032,9.060305,-2.1744215E-4,10615335705500,PUTDOWN,
3.7524939,9.060309,-1.9113866E-4,10615385705500,PUTDOWN,
3.752485,9.060311,-1.6600422E-4,10615435705500,PUTDOWN,
3.7524765,9.060316,-1.4203881E-4,10615485705500,PUTDOWN,
3.7524686,9.060319,-1.1982699E-4,10615535705500,PUTDOWN,
3.7524614,9.060322,-9.819968E-5,10615585705500,PUTDOWN,
3.752454,9.060324,-7.5987846E-5,10615635705500,PUTDOWN,
3.7524476,9.0603285,-5.7867666E-5,10615685705500,PUTDOWN,
3.7524412,9.06033,-3.9162966E-5,10615735705500,PUTDOWN,
3.7524354,9.060334,-2.1042788E-5,10615785705500,PUTDOWN,
3.752429,9.060334,-2.3380876E-6,10615835705500,PUTDOWN,
3.7524238,9.060338,1.2859482E-5,10615885705500,PUTDOWN,
3.7524178,9.06034,2.9226096E-5,10615935705500,PUTDOWN,
3.7524126,9.060342,4.4423665E-5,10615985705500,PUTDOWN,
3.7524078,9.060344,5.9036713E-5,10616035705500,PUTDOWN,
3.7524033,9.060347,7.248072E-5,10616085705500,PUTDOWN,
3.752398,9.060348,8.6509244E-5,10616135705500,PUTDOWN,
3.7523944,9.06035,9.819968E-5,10616185705500,PUTDOWN,
3.7523897,9.060351,1.1105916E-4,10616235705500,PUTDOWN,
3.7523859,9.060353,1.227496E-4,10616285705500,PUTDOWN,
3.7523823,9.060355,1.3385552E-4,10616335705500,PUTDOWN,
3.7523787,9.060356,1.437924E-4,10616385705500,PUTDOWN,
3.752375,9.060357,1.548983E-4,10616435705500,PUTDOWN,
3.7523715,9.060359,1.6425065E-4,10616485705500,PUTDOWN,
3.7523687,9.060361,1.7184943E-4,10616535705500,PUTDOWN,
3.7523658,9.060361,1.8120179E-4,10616585705500,PUTDOWN,
3.7508688,9.06098,0.004530629,10616635705500,PUTDOWN,
3.749321,9.061618,0.009030279,10616685705500,PUTDOWN,
3.7477224,9.062273,0.013676643,10616735705500,PUTDOWN,
3.746075,9.062946,0.018460955,10616785705500,PUTDOWN,
3.744381,9.063635,0.023384968,10616835705500,PUTDOWN,
3.7426412,9.064339,0.02843816,10616885705500,PUTDOWN,
3.7408566,9.065058,0.03361761,10616935705500,PUTDOWN,
3.7390294,9.065791,0.03892156,10616985705500,PUTDOWN,
3.7371607,9.066536,0.044343002,10617035705500,PUTDOWN,
3.7352512,9.067292,0.049877837,10617085705500,PUTDOWN,
3.7333045,9.068064,0.055518474,10617135705500,PUTDOWN,
3.7313209,9.068843,0.061263155,10617185705500,PUTDOWN,
3.729302,9.069632,0.06710779,10617235705500,PUTDOWN,
3.7272494,9.070429,0.07304595,10617285705500,PUTDOWN,
3.725165,9.071235,0.07907237,10617335705500,PUTDOWN,
3.7230496,9.072047,0.085181795,10617385705500,PUTDOWN,
3.7251377,9.071244,0.07925942,10617435705500,PUTDOWN,
3.726998,9.070524,0.07396306,10617485705500,PUTDOWN,
3.7286685,9.069875,0.06919512,10617535705500,PUTDOWN,
3.7301774,9.069287,0.06487726,10617585705500,PUTDOWN,
3.7315464,9.06875,0.060949266,10617635705500,PUTDOWN,
3.732796,9.068261,0.057356212,10617685705500,PUTDOWN,
3.733941,9.067809,0.05405834,10617735705500,PUTDOWN,
3.7349944,9.067392,0.051018827,10617785705500,PUTDOWN,
3.7359674,9.067008,0.048207276,10617835705500,PUTDOWN,
3.736868,9.066649,0.045602646,10617885705500,PUTDOWN,
3.7377043,9.066318,0.043177463,10617935705500,PUTDOWN,
3.7384825,9.066006,0.040920626,10617985705500,PUTDOWN,
3.7392094,9.065716,0.038809333,10618035705500,PUTDOWN,
3.7398891,9.065444,0.036833648,10618085705500,PUTDOWN,
3.7405257,9.065187,0.03498188,10618135705500,PUTDOWN,
3.7411232,9.064949,0.033241175,10618185705500,PUTDOWN,
3.7416842,9.064722,0.031605683,10618235705500,PUTDOWN,
3.742213,9.064509,0.03006313,10618285705500,PUTDOWN,
3.7427113,9.064308,0.02860767,10618335705500,PUTDOWN,
3.7431805,9.064118,0.027235799,10618385705500,PUTDOWN,
3.7522116,9.060425,6.3303724E-4,10623335705500,PICKUP,
3.7522156,9.060423,6.2076224E-4,10623385705500,PICKUP,
3.7522194,9.060422,6.090718E-4,10623435705500,PICKUP,
3.7522237,9.060421,5.973814E-4,10623485705500,PICKUP,
3.7522273,9.060419,5.8686E-4,10623535705500,PICKUP,
3.7522302,9.060417,5.786767E-4,10623585705500,PICKUP,
3.7522335,9.060415,5.6873984E-4,10623635705500,PICKUP,
3.7522366,9.060414,5.582184E-4,10623685705500,PICKUP,
3.7522395,9.060414,5.500351E-4,10623735705500,PICKUP,
3.7522426,9.060412,5.418518E-4,10623785705500,PICKUP,
3.7522457,9.060411,5.336685E-4,10623835705500,PICKUP,
3.7522478,9.06041,5.2665424E-4,10623885705500,PICKUP,
3.75225,9.06041,5.1847094E-4,10623935705500,PICKUP,
3.7522523,9.060409,5.120412E-4,10623985705500,PICKUP,
3.7522547,9.060408,5.056114E-4,10624035705500,PICKUP,
3.7522573,9.060407,4.9859716E-4,10624085705500,PICKUP,
3.7522588,9.060405,4.93921E-4,10624135705500,PICKUP,
3.7522614,9.060406,4.857377E-4,10624185705500,PICKUP,
3.7522628,9.060404,4.8106152E-4,10624235705500,PICKUP,
3.752265,9.060403,4.7638535E-4,10624285705500,PICKUP,
3.7522671,9.060403,4.7112466E-4,10624335705500,PICKUP,
3.752268,9.060402,4.664485E-4,10624385705500,PICKUP,
3.7522702,9.060402,4.617723E-4,10624435705500,PICKUP,
3.7522717,9.060401,4.5709612E-4,10624485705500,PICKUP,
3.7522736,9.0604,4.5183543E-4,10624535705500,PICKUP,
3.7522743,9.060399,4.4891282E-4,10624585705500,PICKUP,
3.7522762,9.060399,4.4423665E-4,10624635705500,PICKUP,
3.752277,9.060398,4.4131404E-4,10624685705500,PICKUP,
3.7522783,9.060398,4.3663787E-4,10624735705500,PICKUP,
3.75228,9.060397,4.3371523E-4,10624785705500,PICKUP,
3.7522805,9.060396,4.3196167E-4,10624835705500,PICKUP,
3.7522821,9.060396,4.2787002E-4,10624885705500,PICKUP,
3.7522833,9.060396,4.2494742E-4,10624935705500,PICKUP,
3.7522845,9.060396,4.214403E-4,10624985705500,PICKUP,
3.7522852,9.060396,4.1851768E-4,10625035705500,PICKUP,
3.7522857,9.060394,4.1734864E-4,10625085705500,PICKUP,
3.7522862,9.060393,4.1559507E-4,10625135705500,PICKUP,
3.7522871,9.060394,4.13257E-4,10625185705500,PICKUP,
3.752288,9.060394,4.1033438E-4,10625235705500,PICKUP,
3.752288,9.060393,4.0916534E-4,10625285705500,PICKUP,
3.752289,9.060394,4.0624273E-4,10625335705500,PICKUP,
3.7522893,9.060392,4.050737E-4,10625385705500,PICKUP,
3.7522898,9.060392,4.0156653E-4,10625435705500,PICKUP,
3.7522905,9.060393,3.9922845E-4,10625485705500,PICKUP,
3.752291,9.060392,3.9747488E-4,10625535705500,PICKUP,
3.752292,9.060392,3.9689036E-4,10625585705500,PICKUP,
3.7522924,9.060392,3.951368E-4,10625635705500,PICKUP,
3.7522926,9.060391,3.9338323E-4,10625685705500,PICKUP,
3.7522936,9.060391,3.927987E-4,10625735705500,PICKUP,
3.7522938,9.060391,3.9162967E-4,10625785705500,PICKUP,
3.7522945,9.06039,3.9046063E-4,10625835705500,PICKUP,
3.752295,9.060392,3.8753802E-4,10625885705500,PICKUP,
3.7522957,9.060391,3.8636898E-4,10625935705500,PICKUP,
3.7522957,9.06039,3.869535E-4,10625985705500,PICKUP,
3.7522957,9.060391,3.8519994E-4,10626035705500,PICKUP,
3.7522957,9.0603895,3.8578446E-4,10626085705500,PICKUP,
3.7522957,9.06039,3.8519994E-4,10626135705500,PICKUP,
3.7522964,9.060391,3.8344637E-4,10626185705500,PICKUP,
3.7522962,9.0603895,3.840309E-4,10626235705500,PICKUP,
3.752297,9.06039,3.8227733E-4,10626285705500,PICKUP,
3.7522974,9.06039,3.816928E-4,10626335705500,PICKUP,
3.7522972,9.0603895,3.8227733E-4,10626385705500,PICKUP,
3.7522974,9.0603895,3.8052376E-4,10626435705500,PICKUP,
3.7522974,9.060389,3.816928E-4,10626485705500,PICKUP,
3.752298,9.060391,3.7818568E-4,10626535705500,PICKUP,
3.752298,9.0603895,3.787702E-4,10626585705500,PICKUP,
3.752298,9.060389,3.7935472E-4,10626635705500,PICKUP,
3.752298,9.0603895,3.787702E-4,10626685705500,PICKUP,
3.7522986,9.0603895,3.7701664E-4,10626735705500,PICKUP,
3.7522984,9.060389,3.7760116E-4,10626785705500,PICKUP,
3.7522984,9.0603895,3.7701664E-4,10626835705500,PICKUP,
3.7522986,9.06039,3.7526307E-4,10626885705500,PICKUP,
3.7522984,9.0603895,3.758476E-4,10626935705500,PICKUP,
3.7522986,9.0603895,3.7526307E-4,10626985705500,PICKUP,
3.7506614,9.061066,0.005139701,10627035705500,PICKUP,
3.7489743,9.061759,0.0100491,10627085705500,PICKUP,
3.74724,9.06247,0.015094694,10627135705500,PICKUP,
3.7454598,9.063195,0.020272389,10627185705500,PICKUP,
3.7436366,9.063937,0.025573418,10627235705500,PICKUP,
3.7417715,9.064691,0.030995443,10627285705500,PICKUP,
3.739866,9.0654545,0.036529113,10627335705500,PICKUP,
3.7379236,9.066231,0.04216858,10627385705500,PICKUP,
3.7359455,9.067018,0.047907416,10627435705500,PICKUP,
3.7339344,9.067813,0.05374036,10627485705500,PICKUP,
3.7318919,9.068618,0.059658643,10627535705500,PICKUP,
3.7298203,9.069428,0.065658174,10627585705500,PICKUP,
3.7277212,9.070246,0.07173194,10627635705500,PICKUP,
3.7255971,9.071068,0.07787468,10627685705500,PICKUP,
3.723449,9.071894,0.084081136,10627735705500,PICKUP,
3.7212803,9.072722,0.09034254,10627785705500,PICKUP,
3.7251768,9.071231,0.07902151,10627835705500,PICKUP,
3.7290535,9.06973,0.06773908,10627885705500,PICKUP,
3.7329056,9.068218,0.056505732,10627935705500,PICKUP,
3.7367327,9.066706,0.045322075,10627985705500,PICKUP,
3.7405317,9.065188,0.03420213,10628035705500,PICKUP,
3.7442994,9.063668,0.023152912,10628085705500,PICKUP,
3.7480347,9.062146,0.012177344,10628135705500,PICKUP,
3.7517343,9.060624,0.0012865327,10628185705500,PICKUP,
3.755396,9.059099,-0.009513094,10628235705500,PICKUP,
3.75902,9.057578,-0.02022095,10628285705500,PICKUP,
3.7626042,9.056061,-0.030830607,10628335705500,PICKUP,
3.7661479,9.054546,-0.04133505,10628385705500,PICKUP,
3.769649,9.053036,-0.051731355,10628435705500,PICKUP,
3.773106,9.051532,-0.06201602,10628485705500,PICKUP,
3.7765188,9.050033,-0.07218319,10628535705500,PICKUP,
3.7798862,9.04854,-0.08223288,10628585705500,PICKUP,
3.7777965,9.049471,-0.07581951,10628635705500,PICKUP,
3.7759547,9.050283,-0.07018939,10628685705500,PICKUP,
3.7743185,9.051004,-0.06520692,10628735705500,PICKUP,
3.772853,9.051646,-0.0607593,10628785705500,PICKUP,
3.7715325,9.052221,-0.056762923,10628835705500,PICKUP,
3.7703364,9.052742,-0.053151745,10628885705500,PICKUP,
3.769246,9.053214,-0.04986907,10628935705500,PICKUP,
3.7682495,9.053647,-0.046873394,10628985705500,PICKUP,
3.7673333,9.05404,-0.04412322,10629035705500,PICKUP,
3.766489,9.054404,-0.041